CoC_Number,Total_Year_Round_Beds_ES_TH_SH,Total_Non_DV_Year_Round_Beds_ES_TH_SH,Total_HMIS_Year_Round_Beds_ES_TH_SH,HMIS_Participation_Rate_for_Year_Round_Beds_ES_TH_SH,Total_Year_Round_Beds_ES,Total_Year_Round_Beds_TH,Total_Year_Round_Beds_SH,Total_Units_for_Households_with_Children_ES_TH_SH,Total_Beds_for_Households_with_Children_ES_TH_SH,Total_Beds_for_Households_without_Children_ES_TH_SH,Total_Beds_for_Households_with_only_Children_ES_TH_SH,Dedicated_Veteran_Beds_ES_TH_SH,Dedicated_Youth_Beds_ES_TH_SH,Total_Non_DV_Year_Round_Beds_ES,Total_HMIS_Year_Round_Beds_ES,HMIS_Participation_Rate_for_Year_Round_Beds_ES,Total_Seasonal_Beds_ES,Total_Overflow_Beds_ES,Total_Units_for_Households_with_Children_ES,Total_Beds_for_Households_with_Children_ES,Total_Beds_for_Households_without_Children_ES,Total_Beds_for_Households_with_only_Children_ES,Dedicated_Veteran_Beds_ES,Dedicated_Youth_Beds_ES,Total_Non_DV_Year_Round_Beds_TH,Total_HMIS_Year_Round_Beds_TH,HMIS_Participation_Rate_for_Year_Round_Beds_TH,Total_Units_for_Households_with_Children_TH,Total_Beds_for_Households_with_Children_TH,Total_Beds_for_Households_without_Children_TH,Total_Beds_for_Households_with_only_Children_TH,Dedicated_Veteran_Beds_TH,Dedicated_Youth_Beds_TH,Total_Non_DV_Year_Round_Beds_SH,Total_HMIS_Year_Round_Beds_SH,HMIS_Participation_Rate_for_Year_Round_Beds_SH,Total_Units_for_Households_with_Children_SH,Total_Beds_for_Households_with_Children_SH,Total_Beds_for_Households_without_Children_SH,Total_Beds_for_Households_with_only_Children_SH,Dedicated_Veteran_Beds_SH,Dedicated_Youth_Beds_SH,Total_Year_Round_Beds_RRH,Total_Non_DV_Year_Round_Beds_RRH,Total_HMIS_Year_Round_Beds_RRH,HMIS_Participation_Rate_for_Year_Round_Beds_RRH,Total_Units_for_Households_with_Children_RRH,Total_Beds_for_Households_with_Children_RRH,Total_Beds_for_Households_without_Children_RRH,Total_Beds_for_Households_with_only_Children_RRH,Dedicated_Veteran_Beds_RRH,Dedicated_Youth_Beds_RRH,Total_Year_Round_Beds_PSH,Total_Non_DV_Year_Round_Beds_PSH,Total_HMIS_Year_Round_Beds_PSH,HMIS_Participation_Rate_for_Year_Round_Beds_PSH,Total_Units_for_Households_with_Children_PSH,Total_Beds_for_Households_with_Children_PSH,Total_Beds_for_Households_without_Children_PSH,Total_Beds_for_Households_with_only_Children_PSH,Dedicated_Veteran_Beds_PSH,Dedicated_Youth_Beds_PSH,Dedicated_Chronically_Homeless_Beds_PSH,Total_Year_Round_Beds_OPH,Total_Non_DV_Year_Round_Beds_OPH,Total_HMIS_Year_Round_Beds_OPH,HMIS_Participation_Rate_for_Year_Round_Beds_OPH,Total_Units_for_Households_with_Children_OPH,Total_Beds_for_Households_with_Children_OPH,Total_Beds_for_Households_without_Children_OPH,Total_Beds_for_Households_with_only_Children_OPH,Dedicated_Veteran_Beds_OPH,Dedicated_Youth_Beds_OPH
AK-500,920,843,666,0.7239,720,200,0,74,311,598,11,0,111,668,502,0.6972,176,8,38,183,533,4,0,60,175,164,0.82,36,128,65,7,0,51,0,0,.,0,0,0,0,0,0,212,184,184,0.8679,43,142,70,0,32,22,558,558,341,0.6111,55,184,374,0,217,10,311,92,92,92,1,4,8,84,0,0,0
AK-501,965,504,456,0.4725,690,275,0,120,411,543,11,14,40,305,281,0.4072,156,31,91,314,365,11,0,11,199,175,0.6364,29,97,178,0,14,29,0,0,.,0,0,0,0,0,0,47,47,47,1,9,29,18,0,9,0,405,405,137,0.3383,51,134,271,0,236,0,148,0,0,0,.,0,0,0,0,0,0
AL-500,888,767,612,0.6892,545,309,34,101,282,594,12,98,42,459,407,0.7468,0,40,64,182,351,12,85,16,274,171,0.5534,37,100,209,0,13,26,34,34,1,0,0,34,0,0,0,235,235,235,1,37,101,134,0,37,1,1823,1823,1249,0.6851,169,448,1375,0,656,0,189,32,32,32,1,0,0,32,0,0,0
AL-501,396,321,321,0.8106,274,122,0,66,214,182,0,38,0,221,221,0.8066,0,12,44,135,139,0,0,0,100,100,0.8197,22,79,43,0,38,0,0,0,.,0,0,0,0,0,0,114,114,114,1,28,88,26,0,17,0,247,247,197,0.7976,8,33,214,0,50,0,102,0,0,0,.,0,0,0,0,0,0
AL-502,285,95,0,0.0,118,167,0,77,109,160,16,4,16,40,0,0.0,30,0,32,47,71,0,4,0,55,0,0,45,62,89,16,0,16,0,0,.,0,0,0,0,0,0,0,0,0,.,0,0,0,0,0,0,42,42,0,0,0,0,42,0,0,0,0,8,8,0,0,0,0,8,0,0,0
AL-503,572,517,189,0.3304,530,42,0,51,213,344,15,0,22,480,152,0.2868,0,2,40,178,337,15,0,15,37,37,0.881,11,35,7,0,0,7,0,0,.,0,0,0,0,0,0,13,13,13,1,2,5,8,0,12,0,369,369,74,0.2005,57,146,223,0,295,0,355,0,0,0,.,0,0,0,0,0,0
AL-504,356,296,296,0.8315,226,130,0,43,126,230,0,33,0,220,220,0.9735,0,0,16,47,179,0,33,0,76,76,0.5846,27,79,51,0,0,0,0,0,.,0,0,0,0,0,0,8,8,8,1,2,4,4,0,8,0,373,373,150,0.4021,34,114,259,0,223,0,23,0,0,0,.,0,0,0,0,0,0
AL-505,115,79,65,0.5652,98,17,0,13,29,86,0,0,0,71,57,0.5816,0,12,9,25,73,0,0,0,8,8,0.4706,4,4,13,0,0,0,0,0,.,0,0,0,0,0,0,0,0,0,.,0,0,0,0,0,0,50,50,50,1,2,5,45,0,0,0,4,0,0,0,.,0,0,0,0,0,0
AL-506,99,83,83,0.8384,91,8,0,10,25,74,0,8,14,75,75,0.8242,0,0,10,25,66,0,0,14,8,8,1,0,0,8,0,8,0,0,0,.,0,0,0,0,0,0,0,0,0,.,0,0,0,0,0,0,294,294,27,0.0918,37,64,230,0,267,0,267,0,0,0,.,0,0,0,0,0,0
AL-507,202,133,93,0.4604,110,92,0,50,136,66,0,4,23,41,5,0.0455,14,1,23,58,52,0,4,23,92,88,0.9565,27,78,14,0,0,0,0,0,.,0,0,0,0,0,0,107,107,107,1,19,75,32,0,3,0,76,76,76,1,4,12,64,0,10,4,3,0,0,0,.,0,0,0,0,0,0
AR-500,882,693,328,0.3719,641,241,0,82,258,624,0,78,23,502,171,0.2668,0,20,56,188,453,0,31,0,191,157,0.6515,26,70,171,0,47,23,0,0,.,0,0,0,0,0,0,237,237,237,1,22,77,160,0,87,0,959,959,551,0.5746,107,293,666,0,408,0,0,0,0,0,.,0,0,0,0,0,0
AR-501,242,142,127,0.5248,214,28,0,38,112,130,0,15,18,114,99,0.4626,0,0,31,100,114,0,15,18,28,28,1,7,12,16,0,0,0,0,0,.,0,0,0,0,0,0,41,41,41,1,0,0,41,0,0,0,66,66,66,1,17,44,22,0,0,0,7,0,0,0,.,0,0,0,0,0,0
AR-503,562,358,225,0.4004,475,87,0,61,247,315,0,0,0,271,169,0.3558,0,0,51,212,263,0,0,0,87,56,0.6437,10,35,52,0,0,0,0,0,.,0,0,0,0,0,0,212,212,212,1,52,153,59,0,0,0,15,15,15,1,0,0,15,0,0,0,15,0,0,0,.,0,0,0,0,0,0
AZ-500,1108,662,579,0.5226,876,232,0,102,469,634,5,81,5,519,463,0.5285,23,19,66,358,513,5,5,5,143,116,0.5,36,111,121,0,76,0,0,0,.,0,0,0,0,0,0,840,840,840,1,129,475,365,0,141,2,1087,1087,911,0.8381,119,424,663,0,536,0,528,8,8,8,1,1,5,3,0,8,0
AZ-501,965,882,882,0.914,584,357,24,132,375,586,4,152,78,521,521,0.8921,109,12,81,220,360,4,48,8,337,337,0.944,51,155,202,0,95,70,24,24,1,0,0,24,0,9,0,755,740,740,0.9801,153,570,185,0,35,15,1759,1759,952,0.5412,157,540,1210,9,807,65,183,0,0,0,.,0,0,0,0,0,0
AZ-502,4006,3399,2891,0.7217,2172,1781,53,587,2032,1950,24,329,123,1761,1627,0.7491,0,121,313,1088,1068,16,32,47,1585,1211,0.68,274,944,829,8,244,76,53,53,1,0,0,53,0,53,0,1463,1434,1436,0.9815,279,1053,410,0,287,31,5857,5857,5857,1,426,1453,4404,0,1124,17,1192,338,338,338,1,74,289,49,0,25,10
CA-500,1648,1553,1553,0.9424,1069,559,20,127,419,1221,8,212,99,988,988,0.9242,386,15,88,295,766,8,75,24,545,545,0.975,39,124,435,0,117,75,20,20,1,0,0,20,0,20,0,1486,1380,1396,0.9394,357,1215,271,0,92,51,3829,3761,1940,0.5067,484,1495,2334,0,1374,62,2040,126,126,126,1,33,126,0,0,0,0
CA-501,3530,3375,881,0.2496,2903,627,0,431,847,2683,0,171,281,2822,617,0.2125,65,10,312,657,2246,0,95,89,553,264,0.4211,119,190,437,0,76,192,0,0,.,0,0,0,0,0,0,1187,1187,1187,1,422,422,765,0,24,152,5897,5897,3324,0.5637,353,822,5075,0,1371,106,3913,4154,4154,2932,0.7058,358,1091,3063,0,0,64
CA-502,2032,1847,1491,0.7338,1383,617,32,159,554,1460,18,215,169,1208,933,0.6746,160,33,109,391,974,18,95,66,607,526,0.8525,50,163,454,0,88,103,32,32,1,0,0,32,0,32,0,633,633,633,1,102,353,278,2,25,87,3545,3543,2684,0.7571,441,1205,2325,15,699,80,602,0,0,0,.,0,0,0,0,0,0
CA-503,1783,1701,1502,0.8424,1193,590,0,223,642,1141,0,139,216,1133,1027,0.8609,130,3,109,337,856,0,40,54,568,475,0.8051,114,305,285,0,99,162,0,0,.,0,0,0,0,0,0,772,772,766,0.9922,185,635,137,0,79,63,3251,3251,2624,0.8071,414,1335,1916,0,713,55,2594,91,91,91,1,4,12,79,0,31,0
CA-504,1112,1080,836,0.7518,737,375,0,54,268,838,6,26,55,705,645,0.8752,119,90,36,194,537,6,18,43,375,191,0.5093,18,74,301,0,8,12,0,0,.,0,0,0,0,0,0,630,617,541,0.8587,136,285,345,0,40,9,823,823,399,0.4848,36,79,744,0,421,42,518,145,145,145,1,14,36,109,0,0,24
CA-505,726,675,675,0.9298,532,194,0,60,207,519,0,31,32,508,508,0.9549,78,20,45,160,372,0,15,15,167,167,0.8608,15,47,147,0,16,17,0,0,.,0,0,0,0,0,0,231,231,231,1,62,184,47,0,47,0,1156,1156,868,0.7509,246,667,489,0,304,10,584,6,6,0,0,0,0,6,0,0,0
CA-506,920,875,656,0.713,411,509,0,126,567,353,0,83,12,366,159,0.3869,132,0,21,175,236,0,10,12,509,497,0.9764,105,392,117,0,73,0,0,0,.,0,0,0,0,0,0,226,226,226,1,53,163,63,0,51,0,301,301,71,0.2359,23,60,241,0,221,2,242,0,0,0,.,0,0,0,0,0,0
CA-507,381,291,291,0.7638,201,180,0,54,177,204,0,16,4,171,171,0.8507,0,0,10,50,151,0,0,0,120,120,0.6667,44,127,53,0,16,4,0,0,.,0,0,0,0,0,0,48,48,48,1,24,32,16,0,5,3,514,514,514,1,35,117,397,0,65,0,368,90,90,49,0.5444,14,37,53,0,0,0
CA-508,628,610,544,0.8662,446,182,0,87,261,367,0,18,34,428,406,0.9103,0,20,57,163,283,0,12,0,182,138,0.7582,30,98,84,0,6,34,0,0,.,0,0,0,0,0,0,420,420,420,1,118,334,86,0,49,7,658,658,287,0.4362,43,121,537,0,352,7,618,0,0,0,.,0,0,0,0,0,0
CA-509,171,130,73,0.4269,47,124,0,22,113,58,0,0,26,34,26,0.5532,66,0,5,47,0,0,0,6,96,47,0.379,17,66,58,0,0,20,0,0,.,0,0,0,0,0,0,41,41,21,0.5122,1,20,21,0,21,21,363,363,353,0.9725,26,149,214,0,148,13,243,0,0,0,.,0,0,0,0,0,0
CA-510,1065,1052,915,0.8592,817,248,0,85,248,795,22,16,38,804,667,0.8164,73,0,51,152,643,22,0,22,248,248,1,34,96,152,0,16,16,0,0,.,0,0,0,0,0,0,12,12,2,0.1667,2,9,3,0,11,0,555,555,326,0.5874,75,239,316,0,217,0,356,0,0,0,.,0,0,0,0,0,0
CA-511,1307,1263,1179,0.9021,947,360,0,167,680,619,8,46,18,903,903,0.9535,100,7,122,507,432,8,6,10,360,276,0.7667,45,173,187,0,40,8,0,0,.,0,0,0,0,0,0,364,364,360,0.989,99,347,17,0,24,0,726,726,726,1,92,275,451,0,326,45,271,0,0,0,.,0,0,0,0,0,0
CA-512,752,704,696,0.9255,580,172,0,123,413,333,6,60,16,552,544,0.9379,0,4,76,258,316,6,60,6,152,152,0.8837,47,155,17,0,0,10,0,0,.,0,0,0,0,0,0,367,360,358,0.9755,90,330,37,0,10,0,1218,1218,977,0.8021,105,370,848,0,348,30,375,47,0,0,0,13,45,2,0,0,0
CA-513,494,369,333,0.6741,310,184,0,40,208,286,0,0,20,233,233,0.7516,0,0,28,160,150,0,0,0,136,100,0.5435,12,48,136,0,0,20,0,0,.,0,0,0,0,0,0,139,139,139,1,13,46,93,0,64,0,235,235,169,0.7191,24,66,169,0,52,0,158,65,65,65,1,5,20,45,0,0,0
CA-514,1046,843,351,0.3356,898,148,0,166,522,514,10,84,46,740,248,0.2762,83,4,129,437,451,10,41,26,103,103,0.6959,37,85,63,0,43,20,0,0,.,0,0,0,0,0,0,767,403,391,0.5098,196,627,140,0,63,0,1338,1338,696,0.5202,154,511,827,0,707,0,844,44,44,44,1,2,7,37,0,44,0
CA-515,408,242,232,0.5686,242,166,0,32,186,222,0,0,6,187,181,0.7479,0,0,16,122,120,0,0,0,55,51,0.3072,16,64,102,0,0,6,0,0,.,0,0,0,0,0,0,74,44,44,0.5946,28,71,3,0,0,0,61,61,61,1,0,0,61,0,0,0,51,0,0,0,.,0,0,0,0,0,0
CA-516,625,554,130,0.208,436,189,0,89,481,144,0,23,1,371,39,0.0894,33,0,70,398,38,0,1,1,183,91,0.4815,19,83,106,0,22,0,0,0,.,0,0,0,0,0,0,251,251,251,1,231,233,18,0,11,0,55,55,36,0.6545,17,29,26,0,0,0,40,0,0,0,.,0,0,0,0,0,0
CA-517,145,129,117,0.8069,123,22,0,16,56,89,0,0,10,107,107,0.8699,55,5,11,39,84,0,0,0,22,10,0.4545,5,17,5,0,0,10,0,0,.,0,0,0,0,0,0,59,59,59,1,17,30,29,0,12,0,50,50,50,1,0,0,50,0,0,0,41,0,0,0,.,0,0,0,0,0,0
CA-518,331,331,201,0.6073,222,109,0,12,133,198,0,30,35,222,137,0.6171,0,0,11,113,109,0,18,0,109,64,0.5872,1,20,89,0,12,35,0,0,.,0,0,0,0,0,0,177,177,177,1,12,48,129,0,106,0,228,228,54,0.2368,29,94,134,0,136,0,216,0,0,0,.,0,0,0,0,0,0
CA-519,573,530,424,0.74,319,254,0,88,279,289,5,0,16,287,232,0.7273,16,22,25,105,214,0,0,4,243,192,0.7559,63,174,75,5,0,12,0,0,.,0,0,0,0,0,0,21,16,16,0.7619,5,5,16,0,0,0,176,176,176,1,33,120,56,0,0,12,27,115,115,115,1,13,61,54,0,0,28
CA-520,416,389,252,0.6058,272,144,0,64,203,213,0,8,6,260,231,0.8493,0,18,56,179,93,0,8,0,129,21,0.1458,8,24,120,0,0,6,0,0,.,0,0,0,0,0,0,46,46,46,1,0,0,46,0,0,0,163,163,78,0.4785,27,75,88,0,85,4,8,0,0,0,.,0,0,0,0,0,0
CA-521,244,209,195,0.7992,193,51,0,34,107,137,0,0,23,158,152,0.7876,75,8,26,84,109,0,0,0,51,43,0.8431,8,23,28,0,0,23,0,0,.,0,0,0,0,0,0,334,291,291,0.8713,92,293,41,0,0,24,242,242,127,0.5248,22,64,178,0,40,0,121,0,0,0,.,0,0,0,0,0,0
CA-522,379,379,169,0.4459,294,85,0,18,134,240,5,51,5,294,84,0.2857,18,0,11,90,204,0,15,0,85,85,1,7,44,36,5,36,5,0,0,.,0,0,0,0,0,0,213,213,213,1,71,192,21,0,11,0,57,57,57,1,2,10,47,0,0,0,51,0,0,0,.,0,0,0,0,0,0
CA-523,119,105,90,0.7563,61,58,0,35,119,0,0,0,0,47,47,0.7705,0,0,22,61,0,0,0,0,58,43,0.7414,13,58,0,0,0,0,0,0,.,0,0,0,0,0,0,0,0,0,.,0,0,0,0,0,0,0,0,0,.,0,0,0,0,0,0,0,0,0,0,.,0,0,0,0,0,0
CA-524,338,338,338,1.0,296,42,0,46,173,165,0,0,0,296,296,1.0,30,35,42,149,147,0,0,0,42,42,1,4,24,18,0,0,0,0,0,.,0,0,0,0,0,0,213,213,209,0.9812,54,198,15,0,0,0,18,18,18,1,1,4,14,0,18,0,0,4,4,4,1,0,0,4,0,0,0
CA-525,148,115,43,0.2905,82,66,0,29,104,32,12,0,12,64,12,0.1463,92,0,21,70,0,12,0,12,51,31,0.4697,8,34,32,0,0,0,0,0,.,0,0,0,0,0,0,85,85,10,0.1176,25,75,10,0,0,0,5,5,0,0,0,0,5,0,5,0,0,0,0,0,.,0,0,0,0,0,0
CA-526,223,141,141,0.6323,172,51,0,45,149,74,0,12,0,114,114,0.6628,0,0,35,113,59,0,0,0,27,27,0.5294,10,36,15,0,12,0,0,0,.,0,0,0,0,0,0,100,100,100,1,23,75,25,0,9,0,58,58,17,0.2931,8,21,37,0,41,0,46,0,0,0,.,0,0,0,0,0,0
CA-527,62,22,22,0.3548,24,38,0,10,41,21,0,0,0,0,0,0.0,40,0,4,21,3,0,0,0,22,22,0.5789,6,20,18,0,0,0,0,0,.,0,0,0,0,0,0,188,72,72,0.383,46,174,14,0,0,0,0,0,0,.,0,0,0,0,0,0,0,0,0,0,.,0,0,0,0,0,0
CA-529,63,60,20,0.3175,25,38,0,1,22,41,0,0,6,22,0,0.0,24,0,1,22,3,0,0,0,38,20,0.5263,0,0,38,0,0,6,0,0,.,0,0,0,0,0,0,0,0,0,.,0,0,0,0,0,0,210,210,15,0.0714,0,0,210,0,10,0,0,24,24,0,0,3,12,0,12,0,12
CA-530,32,21,21,0.6563,11,21,0,4,21,11,0,0,0,11,11,1.0,0,0,1,5,6,0,0,0,10,10,0.4762,3,16,5,0,0,0,0,0,.,0,0,0,0,0,0,7,7,5,0.7143,2,5,2,0,0,0,0,0,0,.,0,0,0,0,0,0,0,0,0,0,.,0,0,0,0,0,0
CA-531,99,81,81,0.8182,87,12,0,10,16,83,0,0,0,69,69,0.7931,75,0,10,16,71,0,0,0,12,12,1,0,0,12,0,0,0,0,0,.,0,0,0,0,0,0,97,97,10,0.1031,28,87,10,0,0,0,42,42,37,0.881,2,5,37,0,0,2,31,2,2,2,1,1,2,0,0,0,0
CA-600,18955,17773,12320,0.65,14719,4111,125,3363,10178,8777,0,784,1159,14024,10151,0.6897,1169,0,2861,8650,6069,0,149,369,3624,2044,0.4972,502,1528,2583,0,535,790,125,125,1,0,0,125,0,100,0,6045,5942,5893,0.9749,1236,4372,1673,0,343,205,22683,22466,13820,0.6093,1862,5934,16749,0,6287,493,4236,2030,1988,1375,0.6773,260,752,1278,0,0,23
CA-601,4177,3711,3246,0.7771,2424,1700,53,492,1502,2667,8,587,248,2230,2149,0.8866,82,2,236,815,1601,8,220,97,1428,1066,0.6271,256,687,1013,0,345,151,53,31,0.5849,0,0,53,0,22,0,1846,1663,1618,0.8765,424,1236,610,0,416,62,4901,4901,4826,0.9847,406,1342,3559,0,2728,95,740,939,939,839,0.8935,0,0,939,0,140,16
CA-602,3184,2902,2171,0.6818,2167,1017,0,403,1250,1914,20,26,20,1993,1608,0.742,400,147,160,540,1607,20,0,20,909,563,0.5536,243,710,307,0,26,0,0,0,.,0,0,0,0,0,0,663,529,430,0.6486,193,516,147,0,99,0,2496,2496,2431,0.974,383,1255,1241,0,984,14,678,295,295,295,1,61,229,66,0,0,0
CA-603,810,689,475,0.5864,647,163,0,48,328,469,13,38,14,571,376,0.5811,0,35,33,249,385,13,12,14,118,99,0.6074,15,79,84,0,26,0,0,0,.,0,0,0,0,0,0,186,186,159,0.8548,26,77,109,0,48,0,707,707,348,0.4922,40,151,556,0,316,9,278,277,277,90,0.3249,65,247,30,0,0,0
CA-604,697,579,368,0.528,433,264,0,74,292,405,0,59,10,376,167,0.3857,0,10,38,181,252,0,0,7,203,201,0.7614,36,111,153,0,59,3,0,0,.,0,0,0,0,0,0,602,593,593,0.985,58,64,538,0,37,1,2308,2308,1720,0.7452,369,1300,1008,0,318,57,450,9,9,9,1,3,7,2,0,9,4
CA-606,562,451,419,0.7456,245,317,0,53,162,400,0,232,0,203,203,0.8286,125,0,23,75,170,0,16,0,248,216,0.6814,30,87,230,0,216,0,0,0,.,0,0,0,0,0,0,378,378,320,0.8466,70,203,175,0,161,10,1662,1662,1608,0.9675,154,582,1080,0,921,0,183,240,240,0,0,0,0,240,0,240,0
CA-607,183,183,183,1.0,132,51,0,33,89,94,0,0,6,132,132,1.0,140,21,14,41,91,0,0,6,51,51,1,19,48,3,0,0,0,0,0,.,0,0,0,0,0,0,25,25,25,1,0,0,25,0,0,5,434,434,418,0.9631,42,134,300,0,16,7,119,0,0,0,.,0,0,0,0,0,0
CA-608,931,811,811,0.8711,839,92,0,91,352,555,24,25,56,759,759,0.9046,55,0,80,310,505,24,0,29,52,52,0.5652,11,42,50,0,25,27,0,0,.,0,0,0,0,0,0,318,318,318,1,69,238,80,0,41,0,1744,1744,1744,1,112,414,1330,0,975,17,860,0,0,0,.,0,0,0,0,0,0
CA-609,693,575,477,0.6883,483,186,24,144,410,272,11,33,22,419,321,0.6646,79,0,107,272,202,9,0,9,132,132,0.7097,37,138,46,2,9,13,24,24,1,0,0,24,0,24,0,2101,2101,2101,1,468,1633,468,0,180,0,1603,1603,1603,1,199,656,947,0,708,0,657,0,0,0,.,0,0,0,0,0,0
CA-611,569,436,367,0.645,354,205,10,101,271,293,5,18,26,312,248,0.7006,63,0,40,118,231,5,0,26,114,109,0.5317,61,153,52,0,18,0,10,10,1,0,0,10,0,0,0,683,683,683,1,166,529,154,0,33,0,693,693,485,0.6999,65,151,542,0,217,8,544,0,0,0,.,0,0,0,0,0,0
CA-612,111,99,99,0.8919,57,54,0,24,80,31,0,0,3,45,45,0.7895,0,0,5,26,31,0,0,3,54,54,1,19,54,0,0,0,0,0,0,.,0,0,0,0,0,0,15,15,15,1,5,13,2,0,0,0,189,189,120,0.6349,19,84,105,0,32,0,157,0,0,0,.,0,0,0,0,0,0
CA-613,303,201,98,0.3234,149,154,0,30,150,153,0,0,0,110,70,0.4698,0,10,4,59,90,0,0,0,91,28,0.1818,26,91,63,0,0,0,0,0,.,0,0,0,0,0,0,157,8,8,0.051,51,152,5,0,8,0,321,321,273,0.8505,149,321,0,0,0,0,0,0,0,0,.,0,0,0,0,0,0
CA-614,290,225,180,0.6207,259,31,0,31,155,135,0,0,14,221,180,0.695,0,40,21,128,131,0,0,14,4,0,0,10,27,4,0,0,0,0,0,.,0,0,0,0,0,0,404,404,404,1,126,374,30,0,10,1,357,357,125,0.3501,25,85,272,0,230,6,131,4,4,4,1,0,0,4,0,0,0
CO-500,1089,863,288,0.2645,647,442,0,384,417,672,0,48,55,451,260,0.4019,177,125,287,311,336,0,8,22,412,28,0.0633,97,106,336,0,40,33,0,0,.,0,0,0,0,0,0,377,328,328,0.87,151,315,62,0,27,0,851,851,522,0.6134,169,199,652,0,465,30,184,0,0,0,.,0,0,0,0,0,0
CO-503,5535,5328,3177,0.574,3270,2202,63,497,1990,3516,29,264,99,3088,2025,0.6193,190,12,161,595,2656,19,0,54,2202,1114,0.5059,336,1395,797,10,226,45,38,38,0.6032,0,0,63,0,38,0,1161,1133,1160,0.9991,306,997,164,0,70,47,3171,3171,1962,0.6187,157,327,2781,63,1133,106,2674,1449,1449,527,0.3637,180,471,976,2,29,28
CO-504,1184,1150,918,0.7753,790,394,0,119,427,757,0,31,29,756,756,0.957,0,2,29,165,625,0,0,20,394,162,0.4112,90,262,132,0,31,9,0,0,.,0,0,0,0,0,0,99,99,99,1,18,58,41,0,41,22,698,698,629,0.9011,75,290,408,0,426,39,644,40,40,40,1,3,36,4,0,0,4
CO-505,466,352,77,0.1652,366,100,0,131,274,192,0,16,0,252,77,0.2104,164,126,112,186,180,0,16,0,100,0,0,19,88,12,0,0,0,0,0,.,0,0,0,0,0,0,197,187,81,0.4112,41,176,21,0,13,0,412,412,393,0.9539,47,134,278,0,199,10,131,27,27,27,1,0,0,27,0,0,0
CT-503,747,670,634,0.8487,560,187,0,132,356,377,14,47,31,497,461,0.8232,54,44,91,269,277,14,0,14,173,173,0.9251,41,87,100,0,47,17,0,0,.,0,0,0,0,0,0,233,205,205,0.8798,45,124,109,0,39,1,1977,1963,1963,0.9929,223,615,1362,0,114,19,1886,0,0,0,.,0,0,0,0,0,0
CT-505,1853,1590,1542,0.8322,1502,340,11,237,785,1059,9,131,111,1299,1293,0.8609,395,95,197,668,825,9,19,14,280,238,0.7,40,117,223,0,101,97,11,11,1,0,0,11,0,11,0,1127,1026,1026,0.9104,193,581,546,0,219,220,5291,5226,3869,0.7312,572,1573,3718,0,1090,7,3392,0,0,0,.,0,0,0,0,0,0
DC-500,6687,6344,5959,0.8911,5110,1577,0,1053,3252,3416,19,170,604,5040,4849,0.9489,783,0,801,2598,2493,19,0,111,1304,1110,0.7039,252,654,923,0,170,493,0,0,.,0,0,0,0,0,0,5972,5953,5953,0.9968,1836,5742,230,0,70,23,9958,9863,8535,0.8571,1682,5100,4858,0,1589,136,9657,5309,5258,3983,0.7502,1371,4178,1131,0,0,0
DE-500,1026,955,536,0.5224,644,382,0,192,446,578,2,51,12,573,311,0.4829,0,309,88,236,406,2,10,2,382,225,0.589,104,210,172,0,41,10,0,0,.,0,0,0,0,0,0,169,169,169,1,35,118,51,0,25,0,670,670,670,1,64,228,442,0,0,0,666,19,19,19,1,0,0,19,0,0,0
FL-500,921,848,827,0.8979,534,387,0,80,302,577,42,50,56,461,455,0.8521,0,136,29,136,366,32,10,32,387,372,0.9612,51,166,211,10,40,24,0,0,.,0,0,0,0,0,0,113,113,113,1,12,47,66,0,18,2,404,404,390,0.9653,60,227,177,0,260,0,356,120,120,120,1,0,0,120,0,0,0
FL-501,1106,966,922,0.8336,800,291,15,162,522,584,0,101,0,660,660,0.825,0,0,112,383,417,0,40,0,291,247,0.8488,50,139,152,0,46,0,15,15,1,0,0,15,0,15,0,760,735,735,0.9671,179,662,98,0,72,43,1499,1499,1496,0.998,130,476,1023,0,1047,0,293,107,107,101,0.9439,13,42,65,0,0,0
FL-502,1899,1760,1711,0.901,1443,371,85,131,421,1447,31,198,38,1304,1304,0.9037,0,2,88,322,1109,12,55,12,371,322,0.8679,43,99,253,19,83,26,85,85,1,0,0,85,0,60,0,583,463,463,0.7942,184,531,52,0,27,0,1589,1589,1589,1,86,336,1253,0,931,0,1433,40,40,40,1,0,0,40,0,40,0
FL-503,616,616,441,0.7159,284,332,0,82,343,264,9,0,9,284,248,0.8732,0,27,35,150,125,9,0,9,332,193,0.5813,47,193,139,0,0,0,0,0,.,0,0,0,0,0,0,133,133,127,0.9549,30,97,36,0,31,0,254,254,254,1,50,133,121,0,117,0,172,0,0,0,.,0,0,0,0,0,0
FL-504,569,477,477,0.8383,293,256,20,88,350,207,12,42,80,201,201,0.686,0,3,47,194,87,12,0,52,256,256,1,41,156,100,0,22,28,20,20,1,0,0,20,0,20,0,197,197,185,0.9391,43,176,21,0,0,67,420,420,96,0.2286,41,144,276,0,315,65,93,109,109,37,0.3394,44,98,11,0,0,15
FL-505,112,88,88,0.7857,112,0,0,19,52,60,0,2,0,88,88,0.7857,42,0,19,52,60,0,2,0,0,0,.,0,0,0,0,0,0,0,0,.,0,0,0,0,0,0,80,80,80,1,18,74,6,0,0,0,216,216,44,0.2037,173,177,39,0,172,0,209,0,0,0,.,0,0,0,0,0,0
FL-506,649,544,487,0.7504,455,194,0,69,247,384,18,52,24,407,407,0.8945,0,133,42,185,252,18,0,18,137,80,0.4124,27,62,132,0,52,6,0,0,.,0,0,0,0,0,0,106,106,106,1,38,90,16,0,39,2,452,452,452,1,12,36,416,0,288,0,452,231,231,181,0.7835,82,147,84,0,0,0
FL-507,1986,1762,1334,0.6717,1273,713,0,262,952,1034,0,142,63,1049,970,0.762,0,0,170,657,616,0,50,24,713,364,0.5105,92,295,418,0,92,39,0,0,.,0,0,0,0,0,0,833,833,833,1,216,733,100,0,115,0,1599,1599,705,0.4409,54,138,1461,0,772,24,1395,402,402,402,1,0,0,402,0,0,0
FL-508,323,221,221,0.6842,279,44,0,37,116,189,18,59,18,177,177,0.6344,108,20,37,116,145,18,15,18,44,44,1,0,0,44,0,44,0,0,0,.,0,0,0,0,0,0,201,201,164,0.8159,27,94,107,0,39,0,1105,1105,1105,1,72,279,826,0,1013,0,1105,0,0,0,.,0,0,0,0,0,0
FL-509,228,179,155,0.6798,127,101,0,52,161,55,12,2,24,84,84,0.6614,0,0,29,105,10,12,0,12,95,71,0.703,23,56,45,0,2,12,0,0,.,0,0,0,0,0,0,165,165,165,1,32,127,38,0,18,0,356,356,356,1,35,120,236,0,124,0,235,55,55,55,1,16,44,11,0,0,0
FL-510,1133,948,649,0.5728,741,392,0,68,260,839,34,66,64,556,344,0.4642,0,0,68,260,447,34,22,34,392,305,0.7781,0,0,392,0,44,30,0,0,.,0,0,0,0,0,0,301,301,301,1,166,185,116,0,80,0,1086,1086,568,0.523,172,281,805,0,567,0,857,0,0,0,.,0,0,0,0,0,0
FL-511,486,431,256,0.5267,286,200,0,6,107,379,0,40,12,231,176,0.6154,0,126,3,95,191,0,10,0,200,80,0.4,3,12,188,0,30,12,0,0,.,0,0,0,0,0,0,142,142,136,0.9577,91,102,40,0,32,38,297,297,67,0.2256,1,3,294,0,203,2,67,14,14,0,0,14,14,0,0,0,0
FL-512,173,106,106,0.6127,102,71,0,33,109,64,0,0,16,52,52,0.5098,0,4,15,45,57,0,0,16,54,54,0.7606,18,64,7,0,0,0,0,0,.,0,0,0,0,0,0,28,28,25,0.8929,6,21,7,0,0,0,0,0,0,.,0,0,0,0,0,0,0,49,49,49,1,9,39,10,0,0,0
FL-513,584,572,515,0.8818,81,482,21,81,296,268,20,165,40,69,69,0.8519,0,19,12,45,16,20,0,20,482,425,0.8817,69,251,231,0,144,20,21,21,1,0,0,21,0,21,0,273,273,273,1,56,189,84,0,87,0,166,166,166,1,29,114,52,0,8,0,58,99,99,99,1,20,75,24,0,0,0
FL-514,331,265,265,0.8006,196,135,0,60,264,55,12,53,38,130,130,0.6633,33,22,34,179,5,12,0,24,135,135,1,26,85,50,0,53,14,0,0,.,0,0,0,0,0,0,103,103,103,1,41,93,10,0,12,4,133,133,133,1,47,61,72,0,109,10,0,0,0,0,.,0,0,0,0,0,0
FL-515,143,143,143,1.0,26,117,0,11,31,91,21,0,27,26,26,1.0,0,29,0,0,16,10,0,10,117,117,1,11,31,75,11,0,17,0,0,.,0,0,0,0,0,0,9,9,9,1,0,0,9,0,9,9,60,60,60,1,0,0,60,0,60,0,60,0,0,0,.,0,0,0,0,0,0
FL-517,61,31,31,0.5082,41,20,0,10,43,18,0,0,0,11,11,0.2683,0,0,8,37,4,0,0,0,20,20,1,2,6,14,0,0,0,0,0,.,0,0,0,0,0,0,157,157,157,1,48,155,2,0,0,0,78,78,23,0.2949,9,14,64,0,55,0,59,0,0,0,.,0,0,0,0,0,0
FL-518,115,45,45,0.3913,82,33,0,16,57,46,12,27,12,12,12,0.1463,0,12,16,57,13,12,0,12,33,33,1,0,0,33,0,27,0,0,0,.,0,0,0,0,0,0,46,46,46,1,10,32,14,0,15,23,100,100,86,0.86,5,17,83,0,80,11,18,0,0,0,.,0,0,0,0,0,0
FL-519,270,198,198,0.7333,142,128,0,26,172,78,20,39,22,70,70,0.493,0,0,4,92,30,20,15,20,128,128,1,22,80,48,0,24,2,0,0,.,0,0,0,0,0,0,104,104,104,1,12,44,60,0,62,0,275,275,230,0.8364,125,149,126,0,149,0,0,0,0,0,.,0,0,0,0,0,0
FL-520,355,271,191,0.538,121,234,0,53,173,180,2,17,24,37,34,0.281,0,6,19,82,37,2,0,2,234,157,0.6709,34,91,143,0,17,22,0,0,.,0,0,0,0,0,0,95,95,95,1,14,55,40,0,19,0,134,134,88,0.6567,11,42,92,0,92,0,63,24,24,24,1,2,5,19,0,0,0
FL-600,2709,2227,2227,0.8221,1940,727,42,426,1272,1427,10,115,92,1789,1789,0.9222,0,0,352,941,989,10,0,60,396,396,0.5447,74,331,396,0,87,32,42,42,1,0,0,42,0,28,0,673,673,673,1,130,481,192,0,76,3,4856,4856,3993,0.8223,555,2051,2805,0,1087,0,3357,299,299,299,1,47,141,158,0,0,0
FL-601,1341,1226,1076,0.8024,922,384,35,114,443,878,20,45,58,807,751,0.8145,0,29,64,289,614,19,0,19,384,290,0.7552,50,154,229,1,45,39,35,35,1,0,0,35,0,0,0,527,527,527,1,92,333,194,0,31,0,900,900,900,1,62,194,706,0,8,0,466,77,77,77,1,15,29,48,0,77,0
FL-602,90,76,76,0.8444,66,24,0,8,27,63,0,44,0,52,52,0.7879,0,12,8,27,39,0,20,0,24,24,1,0,0,24,0,24,0,0,0,.,0,0,0,0,0,0,75,63,63,0.84,5,16,59,0,11,0,83,83,83,1,5,19,64,0,73,0,20,0,0,0,.,0,0,0,0,0,0
FL-603,248,158,133,0.5363,244,4,0,25,124,114,10,0,10,154,129,0.5287,0,0,24,120,114,10,0,10,4,4,1,1,4,0,0,0,0,0,0,.,0,0,0,0,0,0,194,194,194,1,72,180,14,0,17,10,449,449,92,0.2049,357,357,92,0,357,0,0,61,61,61,1,6,32,29,0,0,0
FL-604,367,352,304,0.8283,228,139,0,18,78,256,33,15,33,213,180,0.7895,0,0,7,37,158,33,0,33,139,124,0.8921,11,41,98,0,15,0,0,0,.,0,0,0,0,0,0,3,3,3,1,0,0,3,0,0,0,189,189,189,1,11,44,145,0,2,0,54,18,18,18,1,4,10,8,0,0,0
FL-605,540,385,376,0.6963,412,128,0,72,307,233,0,38,75,287,278,0.6748,0,6,65,277,135,0,18,50,98,98,0.7656,7,30,98,0,20,25,0,0,.,0,0,0,0,0,0,588,540,540,0.9184,136,385,203,0,50,139,1111,1111,1111,1,115,433,678,0,593,60,503,109,109,109,1,22,109,0,0,0,0
FL-606,438,351,41,0.0936,232,206,0,48,146,284,8,6,8,172,0,0.0,0,10,28,92,140,0,0,0,179,41,0.199,20,54,144,8,6,8,0,0,.,0,0,0,0,0,0,141,141,141,1,53,111,30,0,9,0,30,30,0,0,0,0,30,0,0,0,20,0,0,0,.,0,0,0,0,0,0
GA-500,2731,2731,2349,0.8601,1528,1203,0,137,771,1956,4,148,109,1528,1407,0.9208,148,67,81,444,1084,0,25,62,1203,942,0.783,56,327,872,4,123,47,0,0,.,0,0,0,0,0,0,710,679,654,0.9211,170,570,140,0,150,65,1743,1743,1743,1,148,448,1295,0,392,44,1687,222,222,127,0.5721,52,126,96,0,0,0
GA-501,2651,1590,1093,0.4123,1833,818,0,472,1554,1071,26,50,40,1068,751,0.4097,0,7,303,963,844,26,25,29,522,342,0.4181,169,591,227,0,25,11,0,0,.,0,0,0,0,0,0,1725,1537,1537,0.891,418,1499,226,0,149,8,2498,2469,2390,0.9568,455,879,1619,0,478,0,506,0,0,0,.,0,0,0,0,0,0
GA-502,247,247,199,0.8057,67,180,0,70,204,43,0,34,4,67,67,1.0,0,0,19,53,14,0,0,0,180,132,0.7333,51,151,29,0,34,4,0,0,.,0,0,0,0,0,0,71,71,71,1,26,66,5,0,4,0,376,346,136,0.3617,86,224,152,0,249,0,324,0,0,0,.,0,0,0,0,0,0
GA-503,190,168,117,0.6158,172,18,0,21,80,110,0,0,5,150,99,0.5756,0,0,15,62,110,0,0,5,18,18,1,6,18,0,0,0,0,0,0,.,0,0,0,0,0,0,39,39,38,0.9744,16,32,7,0,1,0,210,210,90,0.4286,22,67,143,0,122,0,27,0,0,0,.,0,0,0,0,0,0
GA-504,203,193,148,0.7291,195,8,0,27,71,132,0,0,0,185,140,0.7179,0,20,24,63,132,0,0,0,8,8,1,3,8,0,0,0,0,0,0,.,0,0,0,0,0,0,0,0,0,.,0,0,0,0,0,0,163,163,28,0.1718,136,138,25,0,135,0,135,0,0,0,.,0,0,0,0,0,0
GA-505,269,226,135,0.5019,235,34,0,31,146,123,0,7,0,192,101,0.4298,0,0,31,146,89,0,6,0,34,34,1,0,0,34,0,1,0,0,0,.,0,0,0,0,0,0,94,94,94,1,29,77,17,0,1,0,202,202,162,0.802,19,30,172,0,56,0,202,28,28,28,1,0,0,28,0,1,0
GA-506,305,210,183,0.6,141,164,0,42,148,157,0,0,0,101,88,0.6241,0,15,24,81,60,0,0,0,109,95,0.5793,18,67,97,0,0,0,0,0,.,0,0,0,0,0,0,80,62,62,0.775,20,65,15,0,9,0,453,453,117,0.2583,56,216,237,0,359,0,56,0,0,0,.,0,0,0,0,0,0
GA-507,590,526,234,0.3966,304,286,0,47,186,391,13,0,13,256,165,0.5428,50,0,31,141,155,8,0,8,270,69,0.2413,16,45,236,5,0,5,0,0,.,0,0,0,0,0,0,0,0,0,.,0,0,0,0,0,0,776,776,590,0.7603,237,529,247,0,163,0,139,0,0,0,.,0,0,0,0,0,0
GA-508,227,150,130,0.5727,79,148,0,46,186,41,0,0,4,30,30,0.3797,4,0,12,76,3,0,0,0,120,100,0.6757,34,110,38,0,0,4,0,0,.,0,0,0,0,0,0,236,236,230,0.9746,62,213,23,0,45,22,1797,1797,1576,0.877,276,702,1095,0,1020,0,282,0,0,0,.,0,0,0,0,0,0
GU-500,145,94,89,0.6138,131,14,0,26,92,34,19,5,24,88,83,0.6336,0,7,22,87,26,18,5,18,6,6,0.4286,4,5,8,1,0,6,0,0,.,0,0,0,0,0,0,28,28,28,1,5,22,6,0,8,0,191,191,85,0.445,24,89,102,0,106,0,81,3,3,3,1,0,0,3,0,0,0
HI-500,895,791,791,0.8838,487,408,0,196,587,308,0,15,0,402,402,0.8255,0,0,63,230,257,0,15,0,389,389,0.9534,133,357,51,0,0,0,0,0,.,0,0,0,0,0,0,295,295,295,1,63,250,45,0,28,0,667,667,667,1,52,189,478,0,266,0,381,0,0,0,.,0,0,0,0,0,0
HI-501,2489,2368,2316,0.9305,1568,879,42,305,1232,1257,0,347,67,1501,1471,0.9381,0,4,143,608,960,0,223,49,825,803,0.9135,162,624,255,0,82,18,42,42,1,0,0,42,0,42,0,895,895,895,1,159,536,350,9,296,106,1887,1887,1887,1,236,423,1454,10,920,45,948,0,0,0,.,0,0,0,0,0,0
IA-500,243,203,81,0.3333,162,81,0,39,125,118,0,0,0,122,0,0.0,116,0,20,55,107,0,0,0,81,81,1,19,70,11,0,0,0,0,0,.,0,0,0,0,0,0,27,1,1,0.037,7,22,5,0,1,0,53,53,53,1,3,7,46,0,30,1,53,0,0,0,.,0,0,0,0,0,0
IA-501,1692,1297,886,0.5236,1022,660,10,260,747,904,41,60,83,823,551,0.5391,235,77,127,354,632,36,0,36,464,325,0.4924,133,393,262,5,50,47,10,10,1,0,0,10,0,10,0,769,500,500,0.6502,140,513,256,0,76,12,510,489,188,0.3686,23,92,418,0,254,0,437,52,52,52,1,13,37,15,0,0,0
IA-502,631,581,581,0.9208,436,181,14,65,159,468,4,19,36,386,386,0.8853,12,14,49,122,310,4,5,17,181,181,1,16,37,144,0,0,19,14,14,1,0,0,14,0,14,0,245,235,235,0.9592,48,169,76,0,36,25,497,497,497,1,48,164,333,0,165,0,315,187,187,187,1,31,134,53,0,12,0
ID-500,739,615,615,0.8322,604,135,0,15,194,541,4,80,4,545,545,0.9023,0,88,9,146,454,4,10,4,70,70,0.5185,6,48,87,0,70,0,0,0,.,0,0,0,0,0,0,135,135,104,0.7704,35,116,19,0,10,0,396,396,396,1,32,105,291,0,205,0,40,0,0,0,.,0,0,0,0,0,0
ID-501,838,568,271,0.3234,590,248,0,169,533,299,6,8,6,386,241,0.4085,56,34,112,348,236,6,8,6,182,30,0.121,57,185,63,0,0,0,0,0,.,0,0,0,0,0,0,258,251,210,0.814,66,217,41,0,44,4,511,511,472,0.9237,76,228,283,0,248,0,160,0,0,0,.,0,0,0,0,0,0
IL-500,182,161,161,0.8846,108,74,0,15,48,134,0,38,4,87,87,0.8056,0,0,6,17,91,0,0,4,74,74,1,9,31,43,0,38,0,0,0,.,0,0,0,0,0,0,36,36,27,0.75,13,27,9,0,6,0,31,31,31,1,0,0,30,1,0,1,23,73,73,73,1,24,69,4,0,0,0
IL-501,438,324,324,0.7397,331,107,0,61,197,241,0,15,60,244,244,0.7372,50,28,38,133,198,0,0,12,80,80,0.7477,23,64,43,0,15,48,0,0,.,0,0,0,0,0,0,193,193,193,1,46,150,43,0,0,35,484,474,474,0.9793,54,183,301,0,146,0,94,0,0,0,.,0,0,0,0,0,0
IL-502,165,104,104,0.6303,67,98,0,37,113,52,0,0,0,10,10,0.1493,60,73,15,45,22,0,0,0,94,94,0.9592,22,68,30,0,0,0,0,0,.,0,0,0,0,0,0,204,122,122,0.598,49,175,29,0,18,0,347,347,327,0.9424,29,100,247,0,175,0,157,105,0,0,0,32,97,8,0,0,0
IL-503,123,59,53,0.4309,57,66,0,27,74,45,4,2,10,32,30,0.5263,75,15,13,36,17,4,0,6,27,23,0.3485,14,38,28,0,2,4,0,0,.,0,0,0,0,0,0,11,11,11,1,0,0,11,0,11,0,96,96,75,0.7813,12,27,69,0,21,0,21,0,0,0,.,0,0,0,0,0,0
IL-504,56,41,31,0.5536,46,10,0,15,19,37,0,0,1,31,31,0.6739,0,0,9,13,33,0,0,1,10,0,0,6,6,4,0,0,0,0,0,.,0,0,0,0,0,0,51,51,51,1,7,45,6,0,7,0,154,154,154,1,17,58,96,0,0,0,62,0,0,0,.,0,0,0,0,0,0
IL-506,322,257,249,0.7733,186,130,6,31,147,167,8,14,8,142,142,0.7634,57,4,7,67,119,0,0,0,109,101,0.7769,24,80,42,8,8,8,6,6,1,0,0,6,0,6,0,114,89,64,0.5614,28,56,58,0,0,7,320,320,320,1,41,142,178,0,65,0,120,8,8,8,1,1,5,3,0,3,0
IL-507,505,458,305,0.604,474,27,4,35,171,334,0,14,3,427,298,0.6287,0,0,35,171,303,0,10,0,27,3,0.1111,0,0,27,0,0,3,4,4,1,0,0,4,0,4,0,53,53,42,0.7925,3,11,42,0,11,0,352,329,280,0.7955,47,168,184,0,64,0,75,0,0,0,.,0,0,0,0,0,0
IL-508,187,176,172,0.9198,61,126,0,41,128,59,0,26,34,50,50,0.8197,0,0,14,44,17,0,6,0,126,122,0.9683,27,84,42,0,20,34,0,0,.,0,0,0,0,0,0,42,42,42,1,23,32,10,0,0,0,269,269,269,1,49,146,123,0,0,0,71,0,0,0,.,0,0,0,0,0,0
IL-510,5339,4950,4593,0.8603,3948,1351,40,700,2379,2951,9,266,475,3778,3534,0.8951,0,13,470,1614,2327,7,75,154,1132,1019,0.7543,230,765,584,2,191,321,40,40,1,0,0,40,0,0,0,1144,1128,1128,0.986,294,814,330,0,128,16,9337,9324,6459,0.6918,1535,3896,5441,0,2206,70,3767,729,729,557,0.7641,151,602,127,0,68,34
IL-511,470,224,224,0.4766,190,251,29,104,315,150,5,32,73,70,70,0.3684,469,1,33,126,59,5,6,22,125,125,0.498,71,189,62,0,12,51,29,29,1,0,0,29,0,14,0,395,381,381,0.9646,92,308,87,0,50,0,1507,1461,1461,0.9695,131,480,1027,0,781,0,283,10,10,10,1,3,6,4,0,0,0
IL-512,496,427,247,0.498,335,161,0,70,160,332,4,27,45,291,139,0.4149,0,30,31,73,258,4,0,12,136,108,0.6708,39,87,74,0,27,33,0,0,.,0,0,0,0,0,0,52,52,33,0.6346,13,23,29,0,19,0,128,128,128,1,18,55,73,0,15,0,6,0,0,0,.,0,0,0,0,0,0
IL-513,315,283,279,0.8857,133,182,0,52,160,155,0,15,2,101,97,0.7293,67,0,10,28,105,0,0,1,182,182,1,42,132,50,0,15,1,0,0,.,0,0,0,0,0,0,24,13,0,0,6,18,6,0,13,0,153,153,98,0.6405,19,67,86,0,68,0,63,15,15,15,1,1,2,13,0,0,0
IL-514,343,302,302,0.8805,204,136,3,38,168,173,2,5,78,163,163,0.799,6,0,5,76,126,2,0,2,136,136,1,33,92,44,0,2,76,3,3,1,0,0,3,0,3,0,92,92,92,1,15,55,37,0,1,0,352,352,352,1,45,163,189,0,34,0,223,0,0,0,.,0,0,0,0,0,0
IL-515,106,58,55,0.5189,79,27,0,23,68,38,0,0,0,58,47,0.5949,0,0,14,46,33,0,0,0,0,8,0.2963,9,22,5,0,0,0,0,0,.,0,0,0,0,0,0,100,96,100,1,22,71,29,0,0,0,41,41,41,1,7,21,20,0,0,0,0,0,0,0,.,0,0,0,0,0,0
IL-516,155,114,108,0.6968,108,47,0,30,74,78,3,0,3,78,72,0.6667,25,0,15,41,64,3,0,3,36,36,0.766,15,33,14,0,0,0,0,0,.,0,0,0,0,0,0,19,19,19,1,6,16,3,0,0,0,83,83,83,1,8,21,62,0,10,0,28,65,65,41,0.6308,22,55,10,0,24,0
IL-517,417,389,389,0.9329,399,18,0,33,169,248,0,10,0,371,371,0.9298,0,29,31,161,238,0,10,0,18,18,1,2,8,10,0,0,0,0,0,.,0,0,0,0,0,0,9,9,9,1,1,5,4,0,4,0,184,184,184,1,17,74,110,0,6,0,85,0,0,0,.,0,0,0,0,0,0
IL-518,176,133,117,0.6648,120,56,0,28,91,75,10,6,30,77,61,0.5083,28,6,9,59,61,0,0,0,56,56,1,19,32,14,10,6,30,0,0,.,0,0,0,0,0,0,13,0,0,0,1,13,0,0,0,0,50,50,46,0.92,6,12,38,0,0,12,4,0,0,0,.,0,0,0,0,0,0
IL-519,136,84,72,0.5294,84,52,0,12,57,75,4,0,16,48,48,0.5714,0,36,3,28,52,4,0,4,36,24,0.4615,9,29,23,0,0,12,0,0,.,0,0,0,0,0,0,6,3,0,0,2,4,2,0,0,0,101,101,101,1,26,98,3,0,0,0,43,0,0,0,.,0,0,0,0,0,0
IL-520,302,193,163,0.5397,219,83,0,49,152,150,0,4,0,125,95,0.4338,0,3,33,105,114,0,0,0,68,68,0.8193,16,47,36,0,4,0,0,0,.,0,0,0,0,0,0,7,7,7,1,2,7,0,0,0,0,125,125,125,1,31,86,39,0,3,0,6,0,0,0,.,0,0,0,0,0,0
IN-502,4563,3300,1895,0.4153,3392,1146,25,621,2026,2494,43,199,85,2486,1461,0.4307,176,101,433,1419,1930,43,38,50,789,409,0.3569,188,607,539,0,136,35,25,25,1,0,0,25,0,25,0,678,606,606,0.8938,153,492,186,0,76,0,2927,2927,2118,0.7236,357,981,1946,0,870,0,805,41,41,33,0.8049,2,8,33,0,0,0
IN-503,1258,1073,979,0.7782,814,393,51,113,418,829,11,184,19,720,626,0.769,278,289,85,323,480,11,24,11,302,302,0.7684,28,95,298,0,160,8,51,51,1,0,0,51,0,0,0,544,377,338,0.6213,89,367,177,0,174,16,1304,1260,840,0.6442,131,415,889,0,490,0,587,425,425,56,0.1318,50,173,252,0,132,0
KS-502,623,435,348,0.5586,320,303,0,65,261,357,5,37,38,258,208,0.65,123,0,24,95,220,5,28,7,177,140,0.462,41,166,137,0,9,31,0,0,.,0,0,0,0,0,0,229,229,121,0.5284,45,157,72,0,80,0,570,570,570,1,26,108,462,0,216,0,172,0,0,0,.,0,0,0,0,0,0
KS-503,375,356,36,0.096,303,72,0,32,137,238,0,20,0,284,0,0.0,0,50,2,73,230,0,20,0,72,36,0.5,30,64,8,0,0,0,0,0,.,0,0,0,0,0,0,0,0,0,.,0,0,0,0,0,0,344,344,344,1,80,110,234,0,0,0,14,0,0,0,.,0,0,0,0,0,0
KS-505,137,88,84,0.6131,107,30,0,36,119,18,0,0,1,58,58,0.5421,36,8,28,95,12,0,0,0,30,26,0.8667,8,24,6,0,0,1,0,0,.,0,0,0,0,0,0,87,71,71,0.8161,21,73,14,0,3,0,21,21,21,1,21,21,0,0,0,0,0,0,0,0,.,0,0,0,0,0,0
KS-507,1463,1082,408,0.2789,975,488,0,212,758,705,0,15,39,628,297,0.3046,36,18,117,470,505,0,15,0,454,111,0.2275,95,288,200,0,0,39,0,0,.,0,0,0,0,0,0,356,352,268,0.7528,78,256,100,0,16,0,340,340,96,0.2824,39,114,226,0,237,0,45,0,0,0,.,0,0,0,0,0,0
KY-500,1865,1403,771,0.4134,1556,309,0,201,713,1120,32,81,64,1145,533,0.3425,155,74,163,582,942,32,4,32,258,238,0.7702,38,131,178,0,77,32,0,0,.,0,0,0,0,0,0,749,493,493,0.6582,156,521,228,0,67,33,1101,952,750,0.6812,204,549,552,0,202,0,811,10,10,10,1,0,0,10,0,0,0
KY-501,938,843,778,0.8294,661,277,0,92,288,644,6,164,52,566,533,0.8064,51,76,64,214,441,6,10,12,277,245,0.8845,28,74,203,0,154,40,0,0,.,0,0,0,0,0,0,381,367,367,0.9633,84,303,78,0,79,86,1668,1668,1668,1,183,691,977,0,408,50,253,235,235,225,0.9574,38,137,98,0,0,0
KY-502,519,477,343,0.6609,448,71,0,31,101,414,4,82,9,406,272,0.6071,14,150,31,101,343,4,16,4,71,71,1,0,0,71,0,66,5,0,0,.,0,0,0,0,0,0,132,124,132,1,17,68,64,0,31,13,418,418,418,1,36,128,290,0,315,0,418,0,0,0,.,0,0,0,0,0,0
LA-500,249,175,175,0.7028,179,63,7,34,113,136,0,21,0,123,123,0.6872,0,8,22,76,103,0,8,0,45,45,0.7143,12,37,26,0,6,0,7,7,1,0,0,7,0,7,0,152,134,134,0.8816,30,114,38,0,0,0,320,292,157,0.4906,28,81,239,0,135,0,86,0,0,0,.,0,0,0,0,0,0
LA-502,330,311,311,0.9424,253,52,25,36,140,184,6,95,10,234,234,0.9249,0,4,36,140,107,6,24,10,52,52,1,0,0,52,0,46,0,25,25,1,0,0,25,0,25,0,152,152,152,1,32,114,38,0,62,0,565,565,329,0.5823,63,193,372,0,236,0,304,0,0,0,.,0,0,0,0,0,0
LA-503,1001,964,952,0.951,704,272,25,71,196,803,2,128,117,667,655,0.9304,0,11,47,118,584,2,0,65,272,272,1,24,78,194,0,118,52,25,25,1,0,0,25,0,10,0,796,714,736,0.9246,170,529,267,0,147,70,3289,3277,3257,0.9903,269,777,2512,0,698,27,2110,0,0,0,.,0,0,0,0,0,0
LA-505,153,90,84,0.549,90,63,0,19,55,92,6,0,21,56,56,0.6222,0,0,7,23,61,6,0,6,34,28,0.4444,12,32,31,0,0,15,0,0,.,0,0,0,0,0,0,154,83,83,0.539,30,122,32,0,24,23,60,60,60,1,4,9,51,0,1,0,59,0,0,0,.,0,0,0,0,0,0
LA-506,97,87,71,0.732,47,50,0,5,16,81,0,34,0,37,25,0.5319,0,0,5,16,31,0,0,0,50,46,0.92,0,0,50,0,34,0,0,0,.,0,0,0,0,0,0,54,46,46,0.8519,9,22,32,0,0,0,302,302,270,0.894,33,96,206,0,52,0,51,0,0,0,.,0,0,0,0,0,0
LA-507,118,118,64,0.5424,58,60,0,3,28,90,0,16,0,58,34,0.5862,0,34,2,8,50,0,16,0,60,30,0.5,1,20,40,0,0,0,0,0,.,0,0,0,0,0,0,46,46,46,1,6,33,13,0,6,0,220,220,52,0.2364,18,51,169,0,168,19,0,0,0,0,.,0,0,0,0,0,0
LA-509,632,515,382,0.6044,417,170,45,55,185,429,18,78,46,300,190,0.4556,0,11,55,185,214,18,4,18,170,147,0.8647,0,0,170,0,29,28,45,45,1,0,0,45,0,45,0,445,445,445,1,88,277,168,0,64,26,671,630,630,0.9389,119,331,340,0,0,0,118,0,0,0,.,0,0,0,0,0,0
MA-500,6044,5912,5846,0.9672,5458,545,41,1313,4120,1920,4,129,33,5382,5358,0.9817,76,189,1241,3986,1468,4,23,22,489,447,0.8202,72,134,411,0,85,11,41,41,1,0,0,41,0,21,0,1598,1576,1576,0.9862,438,1181,417,0,188,28,5496,5487,5095,0.927,811,1445,4051,0,1505,26,3896,4093,4083,2721,0.6648,1421,3364,729,0,10,0
MA-502,957,957,957,1.0,957,0,0,372,887,70,0,20,0,957,957,1.0,14,50,372,887,70,0,20,0,0,0,.,0,0,0,0,0,0,0,0,.,0,0,0,0,0,0,0,0,0,.,0,0,0,0,0,0,254,254,247,0.9724,13,27,227,0,3,6,224,0,0,0,.,0,0,0,0,0,0
MA-503,288,275,275,0.9549,232,56,0,78,179,109,0,6,0,219,219,0.944,25,0,78,179,53,0,0,0,56,56,1,0,0,56,0,6,0,0,0,.,0,0,0,0,0,0,62,62,19,0.3065,18,43,19,0,5,0,267,267,267,1,19,44,223,0,49,0,131,39,39,33,0.8462,0,0,39,0,0,0
MA-504,2820,2644,2591,0.9188,2678,135,7,645,2533,283,4,11,15,2611,2569,0.9593,0,3,612,2434,240,4,0,10,26,15,0.1111,33,99,36,0,11,5,7,7,1,0,0,7,0,0,0,1095,1095,187,0.1708,342,1057,38,0,0,23,1003,1003,716,0.7139,146,383,620,0,381,18,902,168,168,168,1,35,112,56,0,0,10
MA-505,395,353,344,0.8709,298,85,12,68,259,128,8,44,8,270,261,0.8758,30,0,62,246,44,8,0,8,71,71,0.8353,6,13,72,0,32,0,12,12,1,0,0,12,0,12,0,172,172,157,0.9128,72,162,10,0,0,0,302,302,242,0.8013,93,202,100,0,60,0,234,0,0,0,.,0,0,0,0,0,0
MA-506,1390,1325,1297,0.9331,980,397,13,302,982,401,7,137,85,915,899,0.9173,50,40,256,843,131,6,6,6,397,385,0.9698,46,139,257,1,131,79,13,13,1,0,0,13,0,0,0,571,571,571,1,169,499,72,0,0,7,919,919,655,0.7127,173,423,496,0,279,0,220,33,33,28,0.8485,0,0,33,0,0,0
MA-507,488,467,467,0.957,250,238,0,50,176,312,0,219,12,229,229,0.916,83,9,48,170,80,0,20,0,238,238,1,2,6,232,0,199,12,0,0,.,0,0,0,0,0,0,175,175,175,1,47,141,34,0,20,2,634,634,278,0.4385,39,122,512,0,428,38,113,47,47,41,0.8723,0,0,47,0,0,0
MA-509,364,338,313,0.8599,247,117,0,60,154,210,0,0,0,233,233,0.9433,95,26,29,66,181,0,0,0,105,80,0.6838,31,88,29,0,0,0,0,0,.,0,0,0,0,0,0,46,41,41,0.8913,10,29,17,0,0,4,480,462,282,0.5875,24,57,423,0,165,0,153,118,113,22,0.1864,5,16,102,0,0,0
MA-510,610,593,593,0.9721,545,65,0,169,438,172,0,25,0,528,528,0.9688,0,14,161,420,125,0,0,0,65,65,1,8,18,47,0,25,0,0,0,.,0,0,0,0,0,0,256,256,106,0.4141,69,205,51,0,0,0,444,444,243,0.5473,50,183,261,0,287,0,444,188,188,138,0.734,36,119,69,0,17,0
MA-511,965,940,940,0.9741,950,0,15,252,703,262,0,30,0,925,925,0.9737,23,73,252,703,247,0,15,0,0,0,.,0,0,0,0,0,0,15,15,1,0,0,15,0,15,0,806,806,806,1,271,756,50,0,16,0,975,975,895,0.9179,133,369,606,0,350,8,507,0,0,0,.,0,0,0,0,0,0
MA-515,272,259,235,0.864,248,24,0,76,250,22,0,0,0,235,235,0.9476,20,30,66,226,22,0,0,0,24,0,0,10,24,0,0,0,0,0,0,.,0,0,0,0,0,0,189,189,189,1,59,178,11,0,0,0,198,198,198,1,31,100,98,0,29,11,158,0,0,0,.,0,0,0,0,0,0
MA-516,2652,2326,2024,0.7632,2276,376,0,728,2173,475,4,102,37,2117,1959,0.8607,108,52,633,1935,337,4,6,4,209,65,0.1729,95,238,138,0,96,33,0,0,.,0,0,0,0,0,0,730,730,54,0.074,181,537,193,0,158,0,1556,1528,885,0.5688,201,650,906,0,599,22,690,305,299,85,0.2787,40,111,194,0,56,4
MA-519,283,265,235,0.8304,241,42,0,60,253,30,0,0,0,223,223,0.9253,0,0,50,223,18,0,0,0,42,12,0.2857,10,30,12,0,0,0,0,0,.,0,0,0,0,0,0,0,0,0,.,0,0,0,0,0,0,107,107,77,0.7196,7,24,83,0,33,0,73,6,6,0,0,0,0,6,0,0,0
MD-500,144,116,90,0.625,93,51,0,24,101,43,0,0,0,65,39,0.4194,22,3,11,56,37,0,0,0,51,51,1,13,45,6,0,0,0,0,0,.,0,0,0,0,0,0,24,24,24,1,5,16,8,0,0,0,88,88,88,1,14,64,24,0,0,0,0,0,0,0,.,0,0,0,0,0,0
MD-501,2140,2057,1444,0.6748,1135,975,30,111,438,1702,0,343,42,1080,876,0.7718,0,171,58,277,858,0,76,21,947,538,0.5518,53,161,814,0,257,21,30,30,1,0,0,30,0,10,0,291,277,277,0.9519,68,180,111,0,68,48,3224,3224,2491,0.7726,452,1404,1820,0,831,48,2109,1486,1486,0,0,308,752,734,0,0,0
MD-502,137,109,104,0.7591,108,29,0,59,102,35,0,0,0,80,75,0.6944,40,9,43,73,35,0,0,0,29,29,1,16,29,0,0,0,0,0,0,.,0,0,0,0,0,0,32,32,32,1,8,32,0,0,0,0,165,165,165,1,40,113,52,0,15,0,31,0,0,0,.,0,0,0,0,0,0
MD-503,143,143,143,1.0,129,14,0,28,86,57,0,6,0,129,129,1.0,81,17,25,78,51,0,0,0,14,14,1,3,8,6,0,6,0,0,0,.,0,0,0,0,0,0,42,42,42,1,9,24,18,0,0,0,265,265,265,1,22,72,193,0,11,0,196,54,54,54,1,10,35,19,0,0,0
MD-504,95,60,60,0.6316,95,0,0,26,67,28,0,0,0,60,60,0.6316,22,0,26,67,28,0,0,0,0,0,.,0,0,0,0,0,0,0,0,.,0,0,0,0,0,0,69,60,60,0.8696,16,61,8,0,0,1,103,103,78,0.7573,12,45,58,0,0,0,60,34,34,34,1,7,24,10,0,0,0
MD-505,595,556,556,0.9345,519,76,0,61,455,140,0,0,0,486,486,0.9364,108,0,39,379,140,0,0,0,70,70,0.9211,22,76,0,0,0,0,0,0,.,0,0,0,0,0,0,175,175,175,1,30,94,81,0,11,0,597,597,289,0.4841,59,155,442,0,312,0,494,0,0,0,.,0,0,0,0,0,0
MD-506,85,77,76,0.8941,60,0,25,21,21,64,0,1,0,52,51,0.85,25,10,21,21,39,0,1,0,0,0,.,0,0,0,0,0,0,25,25,1,0,0,25,0,0,0,32,32,32,1,6,20,12,0,0,5,40,40,30,0.75,2,9,31,0,13,0,30,0,0,0,.,0,0,0,0,0,0
MD-507,121,99,99,0.8182,22,99,0,18,77,44,0,29,0,0,0,0.0,25,0,1,22,0,0,0,0,99,99,1,17,55,44,0,29,0,0,0,.,0,0,0,0,0,0,20,15,15,0.75,5,15,5,0,0,0,121,121,26,0.2149,2,6,115,0,95,0,100,0,0,0,.,0,0,0,0,0,0
MD-508,211,184,174,0.8246,198,13,0,45,154,51,6,0,6,174,174,0.8788,95,9,44,152,40,6,0,6,10,0,0,1,2,11,0,0,0,0,0,.,0,0,0,0,0,0,42,42,35,0.8333,8,31,11,0,3,0,318,311,311,0.978,53,189,129,0,0,0,277,0,0,0,.,0,0,0,0,0,0
MD-509,252,223,223,0.8849,151,101,0,50,117,135,0,0,0,122,122,0.8079,0,11,13,56,95,0,0,0,101,101,1,37,61,40,0,0,0,0,0,.,0,0,0,0,0,0,68,68,68,1,23,68,0,0,0,0,52,52,52,1,3,6,46,0,0,0,46,0,0,0,.,0,0,0,0,0,0
MD-510,30,10,10,0.3333,21,9,0,9,11,19,0,0,0,1,1,0.0476,0,0,7,9,12,0,0,0,9,9,1,2,2,7,0,0,0,0,0,.,0,0,0,0,0,0,0,0,0,.,0,0,0,0,0,0,31,31,31,1,3,7,24,0,0,0,2,0,0,0,.,0,0,0,0,0,0
MD-511,103,103,103,1.0,80,23,0,27,72,31,0,0,0,80,80,1.0,61,0,22,57,23,0,0,0,23,23,1,5,15,8,0,0,0,0,0,.,0,0,0,0,0,0,86,86,82,0.9535,21,65,21,0,4,0,100,100,100,1,15,47,53,0,0,0,2,0,0,0,.,0,0,0,0,0,0
MD-512,153,113,113,0.7386,128,25,0,15,86,67,0,25,0,88,88,0.6875,42,0,15,86,42,0,0,0,25,25,1,0,0,25,0,25,0,0,0,.,0,0,0,0,0,0,29,29,1,0.0345,5,21,8,0,1,0,87,87,87,1,15,46,41,0,0,0,52,0,0,0,.,0,0,0,0,0,0
MD-513,247,236,236,0.9555,208,39,0,36,123,124,0,3,0,197,197,0.9471,40,6,26,98,110,0,3,0,39,39,1,10,25,14,0,0,0,0,0,.,0,0,0,0,0,0,98,98,98,1,21,77,21,0,8,0,277,277,277,1,35,132,145,0,85,0,96,0,0,0,.,0,0,0,0,0,0
MD-600,381,381,381,1.0,224,157,0,66,252,126,3,15,29,224,224,1.0,28,0,19,121,100,3,15,6,157,157,1,47,131,26,0,0,23,0,0,.,0,0,0,0,0,0,60,60,60,1,8,23,37,0,0,0,301,301,301,1,42,144,157,0,0,0,176,186,186,186,1,64,150,36,0,0,0
MD-601,384,304,304,0.7917,279,101,4,50,176,208,0,4,7,219,219,0.7849,63,246,43,138,141,0,0,0,81,81,0.802,7,38,63,0,0,7,4,4,1,0,0,4,0,4,0,371,371,371,1,106,310,61,0,10,49,2155,2155,2004,0.9299,333,1197,958,0,194,3,401,166,166,166,1,36,122,44,0,0,0
ME-500,2348,2050,1886,0.8032,1241,1092,15,342,1035,1293,20,68,99,1081,925,0.7454,0,177,163,522,703,16,14,57,954,946,0.8663,179,513,575,4,54,42,15,15,1,0,0,15,0,0,0,309,309,309,1,67,209,100,0,0,0,2404,2396,2375,0.9879,307,960,1444,0,311,4,261,114,38,38,0.3333,28,103,11,0,0,0
MI-500,1810,843,552,0.305,1387,423,0,333,1044,752,14,26,39,753,495,0.3569,129,16,219,693,686,8,2,13,90,57,0.1348,114,351,66,6,24,26,0,0,.,0,0,0,0,0,0,1210,1210,1210,1,271,927,283,0,63,0,517,517,361,0.6983,76,256,261,0,156,0,43,61,61,61,1,15,59,2,0,1,0
MI-501,1478,1403,1403,0.9493,867,577,34,154,480,994,4,321,111,800,800,0.9227,302,33,82,311,552,4,36,9,569,569,0.9861,72,169,408,0,251,102,34,34,1,0,0,34,0,34,0,853,837,837,0.9812,200,706,147,0,75,67,2855,2855,2300,0.8056,354,983,1872,0,715,0,2138,0,0,0,.,0,0,0,0,0,0
MI-502,260,161,157,0.6038,162,88,10,47,175,85,0,20,0,113,109,0.6728,0,0,32,125,37,0,0,0,38,38,0.4318,15,50,38,0,20,0,10,10,1,0,0,10,0,0,0,119,119,119,1,32,89,30,0,19,0,624,624,624,1,125,405,219,0,195,0,420,0,0,0,.,0,0,0,0,0,0
MI-503,226,187,177,0.7832,190,36,0,49,124,96,6,0,12,151,151,0.7947,53,0,40,98,86,6,0,6,36,26,0.7222,9,26,10,0,0,6,0,0,.,0,0,0,0,0,0,28,28,28,1,5,16,12,0,3,0,225,225,112,0.4978,41,100,125,0,113,0,64,0,0,0,.,0,0,0,0,0,0
MI-504,285,230,230,0.807,170,115,0,47,155,118,12,0,37,115,115,0.6765,82,2,17,60,100,10,0,10,115,115,1,30,95,18,2,0,27,0,0,.,0,0,0,0,0,0,254,254,254,1,58,222,32,0,11,0,665,665,606,0.9113,93,319,346,0,59,0,272,45,45,0,0,8,38,7,0,0,0
MI-505,323,296,280,0.8669,263,60,0,38,182,131,10,22,36,236,236,0.8973,69,0,31,158,95,10,0,10,60,44,0.7333,7,24,36,0,22,26,0,0,.,0,0,0,0,0,0,148,148,108,0.7297,27,63,85,0,28,32,276,276,276,1,60,181,95,0,10,107,36,0,0,0,.,0,0,0,0,0,0
MI-506,1072,862,827,0.7715,800,272,0,127,445,612,15,57,82,717,717,0.8963,40,21,72,281,504,15,18,15,145,110,0.4044,55,164,108,0,39,67,0,0,.,0,0,0,0,0,0,398,352,379,0.9523,104,331,67,0,16,127,1039,1039,730,0.7026,150,430,609,0,320,10,343,80,80,80,1,15,44,36,0,0,7
MI-507,713,639,639,0.8962,661,52,0,74,250,454,9,0,29,619,619,0.9365,0,0,54,206,446,9,0,9,20,20,0.3846,20,44,8,0,0,20,0,0,.,0,0,0,0,0,0,86,86,86,1,28,76,10,0,3,0,462,441,441,0.9545,74,305,157,0,0,0,204,127,127,127,1,22,74,53,0,0,8
MI-508,583,546,546,0.9365,522,52,9,56,202,372,9,18,28,485,485,0.9291,0,46,48,179,339,4,0,4,52,52,1,8,23,24,5,9,24,9,9,1,0,0,9,0,9,0,149,149,149,1,37,128,21,0,9,20,472,472,279,0.5911,29,113,359,0,193,0,147,67,67,67,1,12,51,16,0,0,0
MI-509,287,227,161,0.561,247,40,0,24,110,172,5,28,12,197,131,0.5304,105,0,21,103,139,5,5,5,30,30,0.75,3,7,33,0,23,7,0,0,.,0,0,0,0,0,0,264,264,264,1,69,248,16,0,0,4,623,623,619,0.9936,38,123,500,0,216,17,595,0,0,0,.,0,0,0,0,0,0
MI-510,435,282,282,0.6483,245,184,6,76,226,193,16,20,29,201,201,0.8204,0,5,37,110,123,12,20,15,75,75,0.4076,39,116,64,4,0,14,6,6,1,0,0,6,0,0,0,55,55,55,1,13,37,18,0,4,36,401,382,382,0.9526,55,211,190,0,115,0,202,0,0,0,.,0,0,0,0,0,0
MI-511,184,119,109,0.5924,122,62,0,23,93,90,1,0,1,84,74,0.6066,0,0,7,36,86,0,0,0,35,35,0.5645,16,57,4,1,0,1,0,0,.,0,0,0,0,0,0,18,18,18,1,4,13,5,0,17,0,7,7,7,1,0,0,7,0,0,0,7,0,0,0,.,0,0,0,0,0,0
MI-512,141,107,95,0.6738,128,13,0,20,57,75,9,4,9,106,94,0.7344,73,0,15,45,75,8,4,8,1,1,0.0769,5,12,0,1,0,1,0,0,.,0,0,0,0,0,0,71,71,71,1,31,62,9,0,15,43,306,306,290,0.9477,73,197,109,0,16,0,0,0,0,0,.,0,0,0,0,0,0
MI-514,212,158,158,0.7453,181,31,0,20,77,135,0,18,0,127,127,0.7017,0,26,20,77,104,0,18,0,31,31,1,0,0,31,0,0,0,0,0,.,0,0,0,0,0,0,40,40,40,1,6,21,19,0,10,0,97,97,13,0.134,4,8,89,0,84,0,7,0,0,0,.,0,0,0,0,0,0
MI-515,228,210,210,0.9211,151,77,0,51,96,132,0,0,0,133,133,0.8808,0,0,42,73,78,0,0,0,77,77,1,9,23,54,0,0,0,0,0,.,0,0,0,0,0,0,18,18,18,1,3,5,13,0,5,0,22,22,22,1,5,16,6,0,0,0,20,0,0,0,.,0,0,0,0,0,0
MI-516,149,128,128,0.8591,149,0,0,27,83,66,0,0,0,128,128,0.8591,30,0,27,83,66,0,0,0,0,0,.,0,0,0,0,0,0,0,0,.,0,0,0,0,0,0,73,73,73,1,15,54,19,0,5,0,143,143,100,0.6993,39,81,62,0,49,0,63,559,559,69,0.1234,120,308,251,0,0,0
MI-517,113,83,83,0.7345,113,0,0,2,68,45,0,0,0,83,83,0.7345,0,10,2,68,45,0,0,0,0,0,.,0,0,0,0,0,0,0,0,.,0,0,0,0,0,0,55,55,55,1,11,44,11,0,3,0,95,95,95,1,17,59,36,0,0,0,95,0,0,0,.,0,0,0,0,0,0
MI-518,50,20,20,0.4,24,26,0,12,34,7,9,0,9,17,17,0.7083,19,0,4,11,7,6,0,6,3,3,0.1154,8,23,0,3,0,3,0,0,.,0,0,0,0,0,0,25,25,25,1,5,19,6,0,4,0,23,23,23,1,1,4,19,0,0,0,4,0,0,0,.,0,0,0,0,0,0
MI-519,304,264,264,0.8684,161,143,0,46,158,146,0,0,0,145,145,0.9006,0,11,19,80,81,0,0,0,119,119,0.8322,27,78,65,0,0,0,0,0,.,0,0,0,0,0,0,122,89,89,0.7295,34,115,7,0,0,0,136,136,136,1,23,76,60,0,0,0,48,0,0,0,.,0,0,0,0,0,0
MI-523,111,65,65,0.5856,45,66,0,33,110,1,0,0,0,29,29,0.6444,0,0,13,45,0,0,0,0,36,36,0.5455,20,65,1,0,0,0,0,0,.,0,0,0,0,0,0,66,57,57,0.8636,15,54,12,0,2,0,43,43,43,1,11,32,11,0,0,0,43,0,0,0,.,0,0,0,0,0,0
MN-500,2593,2347,2247,0.8666,1889,704,0,384,1331,1226,36,76,217,1716,1711,0.9058,43,69,259,992,877,20,0,65,631,536,0.7614,125,339,349,16,76,152,0,0,.,0,0,0,0,0,0,880,880,880,1,229,730,150,0,40,122,5126,5094,4516,0.881,619,2081,3045,0,475,172,639,2321,2299,2200,0.9479,262,968,1350,3,2,88
MN-501,1655,1382,907,0.548,982,673,0,202,743,896,16,17,98,774,567,0.5774,64,13,77,250,720,12,0,45,608,340,0.5052,125,493,176,4,17,53,0,0,.,0,0,0,0,0,0,461,461,461,1,129,409,52,0,20,47,2835,2743,2395,0.8448,315,1157,1677,1,332,221,925,625,625,623,0.9968,82,281,338,6,0,28
MN-502,417,342,249,0.5971,212,205,0,94,303,106,8,0,50,157,84,0.3962,97,11,46,146,58,8,0,16,185,165,0.8049,48,157,48,0,0,34,0,0,.,0,0,0,0,0,0,128,128,128,1,28,97,31,0,1,16,302,302,282,0.9338,55,168,134,0,31,0,237,581,567,517,0.8898,101,284,287,10,3,28
MN-503,428,338,263,0.6145,336,92,0,82,248,180,0,4,41,246,180,0.5357,0,36,64,197,139,0,0,11,92,83,0.9022,18,51,41,0,4,30,0,0,.,0,0,0,0,0,0,277,277,277,1,77,219,58,0,9,41,955,955,876,0.9173,120,301,654,0,92,68,224,161,161,161,1,23,56,105,0,0,0
MN-504,78,68,72,0.9231,24,54,0,16,42,36,0,0,19,24,24,1.0,0,8,5,13,11,0,0,2,44,48,0.8889,11,29,25,0,0,17,0,0,.,0,0,0,0,0,0,30,30,30,1,2,6,24,0,3,0,82,82,82,1,15,34,48,0,10,0,5,115,115,95,0.8261,30,76,39,0,0,0
MN-505,554,479,304,0.5487,288,266,0,152,363,189,2,26,64,221,130,0.4514,43,4,58,171,117,0,0,1,258,174,0.6541,94,192,72,2,26,63,0,0,.,0,0,0,0,0,0,245,242,245,1,36,125,120,0,16,2,252,252,188,0.746,36,109,143,0,64,0,64,288,280,268,0.9306,80,232,56,0,26,0
MN-506,336,301,296,0.881,191,145,0,85,208,113,15,0,55,163,158,0.8272,16,27,30,93,93,5,0,9,138,138,0.9517,55,115,20,10,0,46,0,0,.,0,0,0,0,0,0,99,73,72,0.7273,32,84,15,0,15,46,134,134,134,1,49,100,34,0,7,27,10,340,340,304,0.8941,87,210,130,0,0,0
MN-508,205,179,179,0.8732,86,119,0,46,128,77,0,4,57,60,60,0.6977,0,25,17,42,44,0,4,0,119,119,1,29,86,33,0,0,57,0,0,.,0,0,0,0,0,0,210,210,210,1,57,190,20,0,1,14,646,646,631,0.9768,132,363,283,0,19,2,294,48,48,48,1,16,48,0,0,0,0
MN-509,368,319,287,0.7799,199,169,0,68,223,145,0,9,55,150,123,0.6181,29,2,28,95,104,0,0,18,169,164,0.9704,40,128,41,0,9,37,0,0,.,0,0,0,0,0,0,101,101,101,1,24,50,51,0,15,6,549,549,535,0.9745,96,245,304,0,21,35,135,440,440,421,0.9568,76,264,176,0,0,11
MN-511,96,84,78,0.8125,56,40,0,35,80,16,0,0,19,44,38,0.6786,0,0,21,46,10,0,0,3,40,40,1,14,34,6,0,0,16,0,0,.,0,0,0,0,0,0,122,111,111,0.9098,47,109,13,0,0,0,148,148,148,1,40,122,26,0,0,14,51,41,41,41,1,18,27,14,0,0,0
MO-500,362,298,220,0.6077,177,185,0,79,179,148,35,8,169,138,124,0.7006,48,39,38,133,30,14,0,23,160,96,0.5189,41,46,118,21,8,146,0,0,.,0,0,0,0,0,0,97,97,97,1,21,84,13,0,4,9,532,532,337,0.6335,84,282,250,0,211,0,481,65,65,0,0,6,12,53,0,46,0
MO-501,1023,872,744,0.7273,490,533,0,155,520,500,3,118,76,419,377,0.7694,184,50,61,200,290,0,4,16,453,367,0.6886,94,320,210,3,114,60,0,0,.,0,0,0,0,0,0,283,263,270,0.9541,60,193,90,0,32,3,1866,1866,1564,0.8382,224,712,1154,0,268,16,1860,52,52,0,0,0,0,52,0,0,0
MO-503,165,102,102,0.6182,140,25,0,39,131,27,7,0,20,77,77,0.55,0,120,32,114,22,4,0,10,25,25,1,7,17,5,3,0,10,0,0,.,0,0,0,0,0,0,86,86,86,1,14,61,25,0,18,12,33,33,33,1,3,8,25,0,7,0,33,117,117,117,1,1,2,115,0,1,2
MO-600,446,221,208,0.4664,404,42,0,66,195,228,23,0,30,179,166,0.4109,124,35,54,171,212,21,0,22,42,42,1,12,24,16,2,0,8,0,0,.,0,0,0,0,0,0,162,142,142,0.8765,37,132,30,0,35,28,168,168,98,0.5833,14,41,127,0,76,8,168,0,0,0,.,0,0,0,0,0,0
MO-602,307,277,76,0.2476,217,90,0,21,68,214,25,40,25,187,39,0.1797,18,0,11,32,161,24,15,24,90,37,0.4111,10,36,53,1,25,1,0,0,.,0,0,0,0,0,0,41,41,41,1,7,25,16,0,7,0,176,176,98,0.5568,9,27,149,0,78,0,176,0,0,0,.,0,0,0,0,0,0
MO-603,234,166,166,0.7094,151,65,18,44,115,119,0,1,29,105,105,0.6954,20,22,28,73,78,0,1,21,43,43,0.6615,16,42,23,0,0,8,18,18,1,0,0,18,0,0,0,27,27,27,1,4,17,10,0,5,3,204,191,157,0.7696,24,88,116,0,37,7,112,0,0,0,.,0,0,0,0,0,0
MO-604,1995,1624,1356,0.6797,1206,764,25,262,859,1053,83,120,211,898,810,0.6716,0,110,114,513,679,14,39,42,701,521,0.6819,148,346,349,69,56,169,25,25,1,0,0,25,0,25,0,370,265,265,0.7162,98,286,77,7,75,26,2033,2033,2033,1,475,953,1080,0,458,8,1717,20,20,0,0,0,0,20,0,0,0
MO-606,1446,566,310,0.2144,1162,276,8,213,685,718,43,81,89,334,272,0.2341,95,3,152,517,608,37,81,46,224,30,0.1087,61,168,102,6,0,43,8,8,1,0,0,8,0,0,0,340,313,256,0.7529,65,213,127,0,45,0,1009,1009,709,0.7027,145,459,550,0,300,0,799,0,0,0,.,0,0,0,0,0,0
MP-500,30,0,0,0.0,30,0,0,4,5,20,5,0,5,0,0,0.0,0,0,4,5,20,5,0,5,0,0,.,0,0,0,0,0,0,0,0,.,0,0,0,0,0,0,10,10,0,0,5,10,0,0,0,0,0,0,0,.,0,0,0,0,0,0,0,0,0,0,.,0,0,0,0,0,0
MS-500,539,447,193,0.3581,193,346,0,73,249,272,18,8,67,141,111,0.5751,0,0,17,88,87,18,2,36,306,82,0.237,56,161,185,0,6,31,0,0,.,0,0,0,0,0,0,119,113,113,0.9496,66,119,0,0,44,16,653,653,653,1,442,638,15,0,3,12,311,0,0,0,.,0,0,0,0,0,0
MS-501,361,219,219,0.6066,320,41,0,45,166,191,4,24,12,178,178,0.5563,0,10,45,166,150,4,0,4,41,41,1,0,0,41,0,24,8,0,0,.,0,0,0,0,0,0,679,679,676,0.9956,151,485,194,0,66,0,199,199,199,1,9,33,166,0,89,0,46,75,75,75,1,4,16,59,0,10,0
MS-503,62,12,12,0.1935,25,37,0,24,53,9,0,0,0,0,0,0.0,0,0,9,23,2,0,0,0,12,12,0.3243,15,30,7,0,0,0,0,0,.,0,0,0,0,0,0,346,342,342,0.9884,28,103,243,0,96,18,58,46,46,0.7931,5,14,44,0,8,0,46,0,0,0,.,0,0,0,0,0,0
MT-500,1351,1035,433,0.3205,961,390,0,201,667,661,23,115,43,741,361,0.3757,86,56,134,444,517,0,12,0,294,72,0.1846,67,223,144,23,103,43,0,0,.,0,0,0,0,0,0,232,232,232,1,55,152,80,0,73,7,941,941,272,0.2891,164,311,630,0,572,13,245,0,0,0,.,0,0,0,0,0,0
NC-500,417,378,293,0.7026,355,62,0,32,103,314,0,24,0,316,256,0.7211,80,7,32,103,252,0,0,0,62,37,0.5968,0,0,62,0,24,0,0,0,.,0,0,0,0,0,0,81,62,62,0.7654,11,42,39,0,21,0,397,397,131,0.33,47,151,246,0,199,0,110,0,0,0,.,0,0,0,0,0,0
NC-501,523,503,320,0.6119,259,264,0,28,87,430,6,208,6,239,98,0.3784,17,77,10,29,224,6,24,6,264,222,0.8409,18,58,206,0,184,0,0,0,.,0,0,0,0,0,0,31,31,28,0.9032,1,3,28,0,24,0,511,511,186,0.364,34,85,426,0,325,0,186,50,50,50,1,0,0,50,0,50,0
NC-502,296,282,282,0.9527,252,44,0,34,122,174,0,56,0,238,238,0.9444,0,10,34,122,130,0,12,0,44,44,1,0,0,44,0,44,0,0,0,.,0,0,0,0,0,0,114,101,101,0.886,27,87,27,0,10,0,347,347,347,1,35,125,222,0,186,0,161,0,0,0,.,0,0,0,0,0,0
NC-503,3277,2472,1398,0.4266,2573,704,0,435,1429,1837,11,34,21,1810,1161,0.4512,64,5,308,1080,1492,1,14,1,662,237,0.3366,127,349,345,10,20,20,0,0,.,0,0,0,0,0,0,428,428,409,0.9556,86,284,144,0,78,0,2002,2002,1565,0.7817,303,1106,896,0,471,0,1498,0,0,0,.,0,0,0,0,0,0
NC-504,445,395,368,0.827,381,64,0,63,178,258,9,43,17,331,304,0.7979,62,11,54,160,212,9,0,9,64,64,1,9,18,46,0,43,8,0,0,.,0,0,0,0,0,0,80,80,80,1,17,50,30,0,1,7,375,375,241,0.6427,58,168,207,0,149,0,174,0,0,0,.,0,0,0,0,0,0
NC-505,1323,1163,1083,0.8186,971,352,0,59,539,775,9,86,9,851,839,0.8641,124,113,11,374,588,9,57,9,312,244,0.6932,48,165,187,0,29,0,0,0,.,0,0,0,0,0,0,560,560,560,1,157,476,84,0,24,11,1248,1248,784,0.6282,119,372,876,0,476,0,733,321,321,276,0.8598,84,274,47,0,0,0
NC-506,294,239,187,0.6361,234,40,20,21,70,219,5,16,14,199,147,0.6282,0,0,12,44,190,0,0,9,40,40,1,4,11,29,0,16,0,0,0,0,5,15,0,5,0,5,26,26,26,1,0,0,26,0,0,0,210,210,101,0.481,13,45,165,0,109,0,101,16,16,0,0,0,0,16,0,0,0
NC-507,748,698,541,0.7233,509,239,0,81,344,398,6,0,24,459,459,0.9018,0,105,27,193,310,6,0,6,239,82,0.3431,54,151,88,0,0,18,0,0,.,0,0,0,0,0,0,219,219,219,1,51,187,32,0,22,0,565,565,565,1,64,199,366,0,9,0,130,0,0,0,.,0,0,0,0,0,0
NC-509,229,170,106,0.4629,205,24,0,29,88,136,5,4,15,146,106,0.5171,10,27,22,71,129,5,4,5,24,0,0,7,17,7,0,0,10,0,0,.,0,0,0,0,0,0,16,16,16,1,7,16,0,0,1,0,140,140,140,1,23,86,54,0,2,0,0,0,0,0,.,0,0,0,0,0,0
NC-511,132,126,126,0.9545,38,94,0,49,121,11,0,0,0,32,32,0.8421,0,0,8,33,5,0,0,0,94,94,1,41,88,6,0,0,0,0,0,.,0,0,0,0,0,0,29,29,29,1,14,14,15,0,1,14,223,223,223,1,21,76,147,0,190,0,22,0,0,0,.,0,0,0,0,0,0
NC-513,95,95,95,1.0,43,52,0,9,27,68,0,0,0,43,43,1.0,0,21,9,27,16,0,0,0,52,52,1,0,0,52,0,0,0,0,0,.,0,0,0,0,0,0,2,2,0,0,0,0,2,0,2,0,96,96,82,0.8542,9,36,60,0,14,0,82,0,0,0,.,0,0,0,0,0,0
NC-516,149,61,53,0.3557,112,37,0,21,69,80,0,0,0,57,24,0.2143,30,15,14,46,66,0,0,0,4,29,0.7838,7,23,14,0,0,0,0,0,.,0,0,0,0,0,0,20,14,20,1,4,13,7,0,0,0,60,48,48,0.8,6,27,33,0,0,0,4,0,0,0,.,0,0,0,0,0,0
ND-500,757,383,380,0.502,563,178,16,73,268,479,10,36,36,316,313,0.556,52,4,36,181,372,10,0,10,51,51,0.2865,37,87,91,0,20,26,16,16,1,0,0,16,0,16,0,129,118,118,0.9147,11,34,95,0,90,0,743,719,347,0.467,62,254,489,0,372,0,330,0,0,0,.,0,0,0,0,0,0
NE-500,768,679,614,0.7995,455,313,0,105,326,432,10,0,36,373,338,0.7429,0,0,51,158,291,6,0,6,306,276,0.8818,54,168,141,4,0,30,0,0,.,0,0,0,0,0,0,248,230,227,0.9153,52,169,79,0,56,37,141,141,141,1,27,79,62,0,18,25,58,0,0,0,.,0,0,0,0,0,0
NE-501,1551,1465,1465,0.9446,1215,302,34,118,405,1138,8,77,34,1129,1129,0.9292,0,84,90,326,881,8,0,10,302,302,1,28,79,223,0,43,24,34,34,1,0,0,34,0,34,0,456,456,456,1,78,261,195,0,10,0,817,817,817,1,86,210,607,0,347,0,809,196,196,26,0.1327,19,76,120,0,26,0
NE-502,445,355,355,0.7978,327,118,0,68,220,213,12,10,55,284,284,0.8685,0,50,39,138,177,12,10,12,71,71,0.6017,29,82,36,0,0,43,0,0,.,0,0,0,0,0,0,251,174,174,0.6932,69,211,40,0,33,8,302,302,302,1,17,56,246,0,199,5,105,95,95,95,1,9,27,68,0,0,0
NH-500,745,609,556,0.7463,643,102,0,139,455,286,4,0,29,507,465,0.7232,66,13,116,378,261,4,0,4,102,91,0.8922,23,77,25,0,0,25,0,0,.,0,0,0,0,0,0,181,171,171,0.9448,36,123,58,0,13,5,518,518,345,0.666,83,254,264,0,173,0,123,0,0,0,.,0,0,0,0,0,0
NH-501,479,466,456,0.952,267,208,4,79,220,255,4,41,31,254,254,0.9513,0,0,24,69,194,4,0,4,208,198,0.9519,55,151,57,0,41,27,4,4,1,0,0,4,0,0,0,85,85,85,1,17,61,24,0,1,0,315,315,216,0.6857,53,164,151,0,112,0,44,88,88,73,0.8295,19,56,32,0,0,0
NH-502,350,314,263,0.7514,129,216,5,75,212,138,0,65,0,117,66,0.5116,0,0,21,56,73,0,0,0,192,192,0.8889,54,156,60,0,65,0,5,5,1,0,0,5,0,0,0,6,6,6,1,1,4,2,0,0,0,272,272,193,0.7096,34,106,166,0,79,0,24,0,0,0,.,0,0,0,0,0,0
NJ-500,339,301,272,0.8024,265,74,0,16,61,278,0,45,40,227,227,0.8566,0,98,16,61,204,0,0,28,74,45,0.6081,0,0,74,0,45,12,0,0,.,0,0,0,0,0,0,1404,1404,1404,1,615,666,738,0,6,2,184,184,124,0.6739,6,16,168,0,60,27,156,0,0,0,.,0,0,0,0,0,0
NJ-501,374,298,298,0.7968,156,218,0,54,176,182,16,8,40,120,120,0.7692,24,18,17,43,97,16,0,16,178,178,0.8165,37,133,85,0,8,24,0,0,.,0,0,0,0,0,0,72,72,72,1,10,56,16,0,1,0,464,464,376,0.8103,58,168,296,0,93,7,162,0,0,0,.,0,0,0,0,0,0
NJ-502,278,251,251,0.9029,245,33,0,119,246,32,0,0,0,218,218,0.8898,44,227,100,219,26,0,0,0,33,33,1,19,27,6,0,0,0,0,0,.,0,0,0,0,0,0,99,99,99,1,19,22,77,0,11,0,256,256,147,0.5742,52,145,111,0,30,0,32,49,49,0,0,17,47,2,0,0,0
NJ-503,796,662,642,0.8065,523,273,0,218,377,419,0,133,21,453,433,0.8279,0,172,198,288,235,0,0,0,209,209,0.7656,20,89,184,0,133,21,0,0,.,0,0,0,0,0,0,123,108,107,0.8699,33,78,45,0,33,7,1012,995,605,0.5978,188,364,648,0,324,58,544,82,82,68,0.8293,22,68,14,0,14,0
NJ-504,2402,2379,2186,0.9101,1759,643,0,860,1510,887,5,30,77,1736,1543,0.8772,0,4,658,1064,695,0,30,58,643,643,1,202,446,192,5,0,19,0,0,.,0,0,0,0,0,0,167,167,141,0.8443,21,24,143,0,10,8,1620,1620,1609,0.9932,720,1042,574,4,281,80,1058,11,11,11,1,5,11,0,0,0,0
NJ-506,384,375,348,0.9063,339,45,0,53,142,242,0,0,2,330,305,0.8997,100,236,45,123,216,0,0,0,45,43,0.9556,8,19,26,0,0,2,0,0,.,0,0,0,0,0,0,293,293,293,1,83,253,40,0,7,12,542,542,465,0.8579,56,154,388,0,115,3,312,13,13,13,1,0,0,13,0,0,0
NJ-507,185,161,141,0.7622,160,25,0,35,104,76,5,0,5,136,136,0.85,15,381,35,104,56,0,0,0,25,5,0.2,0,0,20,5,0,5,0,0,.,0,0,0,0,0,0,105,105,91,0.8667,24,77,28,0,14,0,482,459,326,0.6763,78,216,266,0,143,6,265,124,124,99,0.7984,24,69,55,0,0,0
NJ-508,265,200,190,0.717,109,156,0,55,175,90,0,0,9,64,64,0.5872,28,139,17,59,50,0,0,0,136,126,0.8077,38,116,40,0,0,9,0,0,.,0,0,0,0,0,0,65,39,28,0.4308,17,33,32,0,27,5,648,648,364,0.5617,168,389,259,0,84,0,378,0,0,0,.,0,0,0,0,0,0
NJ-509,284,226,226,0.7958,133,131,20,50,144,140,0,0,0,100,100,0.7519,0,92,25,77,56,0,0,0,106,106,0.8092,25,67,64,0,0,0,20,20,1,0,0,20,0,0,0,34,30,30,0.8824,8,19,15,0,3,12,211,211,182,0.8626,15,48,163,0,29,0,106,61,61,61,1,20,56,5,0,0,0
NJ-510,127,61,47,0.3701,67,60,0,30,87,40,0,0,24,40,26,0.3881,0,266,14,49,18,0,0,12,21,21,0.35,16,38,22,0,0,12,0,0,.,0,0,0,0,0,0,25,25,25,1,3,16,9,0,9,0,322,322,128,0.3975,68,232,90,0,37,0,87,0,0,0,.,0,0,0,0,0,0
NJ-511,418,322,248,0.5933,384,34,0,89,256,162,0,0,10,288,214,0.5573,0,137,85,232,152,0,0,0,34,34,1,4,24,10,0,0,10,0,0,.,0,0,0,0,0,0,181,181,181,1,67,98,83,0,42,0,558,558,511,0.9158,76,152,406,0,66,16,300,103,103,103,1,0,0,103,0,0,0
NJ-512,61,54,29,0.4754,32,29,0,41,61,0,0,0,3,25,0,0.0,0,0,26,32,0,0,0,3,29,29,1,15,29,0,0,0,0,0,0,.,0,0,0,0,0,0,0,0,0,.,0,0,0,0,0,0,0,0,0,.,0,0,0,0,0,0,0,0,0,0,.,0,0,0,0,0,0
NJ-513,302,276,246,0.8146,104,198,0,41,101,185,16,95,47,89,70,0.6731,0,104,24,57,31,16,0,21,187,176,0.8889,17,44,154,0,95,26,0,0,.,0,0,0,0,0,0,27,27,27,1,0,0,27,0,22,0,304,304,33,0.1086,27,69,235,0,222,0,11,0,0,0,.,0,0,0,0,0,0
NJ-514,398,359,359,0.902,274,124,0,53,134,252,12,0,30,250,250,0.9124,0,104,40,102,160,12,0,12,109,109,0.879,13,32,92,0,0,18,0,0,.,0,0,0,0,0,0,352,347,347,0.9858,206,304,48,0,9,21,435,435,371,0.8529,49,126,309,0,64,23,245,305,305,305,1,79,205,100,0,0,0
NJ-515,290,244,240,0.8276,143,147,0,67,175,110,5,29,35,122,118,0.8252,14,140,25,66,72,5,9,7,122,122,0.8299,42,109,38,0,20,28,0,0,.,0,0,0,0,0,0,36,36,30,0.8333,3,8,28,0,7,3,403,403,403,1,87,202,201,0,8,14,123,0,0,0,.,0,0,0,0,0,0
NJ-516,275,200,191,0.6945,124,151,0,69,161,114,0,75,0,78,78,0.629,0,124,54,123,1,0,0,0,122,113,0.7483,15,38,113,0,75,0,0,0,.,0,0,0,0,0,0,225,225,225,1,60,181,44,0,20,0,123,123,74,0.6016,12,27,96,0,49,0,80,0,0,0,.,0,0,0,0,0,0
NM-500,1154,1079,890,0.7712,693,461,0,130,519,568,67,80,89,618,529,0.7633,22,170,27,202,443,48,32,48,461,361,0.7831,103,317,125,19,48,41,0,0,.,0,0,0,0,0,0,457,327,327,0.7155,116,402,55,0,44,0,1255,1255,929,0.7402,178,462,793,0,200,0,1003,116,116,116,1,29,116,0,0,0,0
NM-501,1225,770,251,0.2049,1025,200,0,171,603,578,44,7,74,630,167,0.1629,163,6,136,476,511,38,7,38,140,84,0.42,35,127,67,6,0,36,0,0,.,0,0,0,0,0,0,363,239,237,0.6529,79,272,91,0,29,59,815,815,480,0.589,191,424,391,0,190,0,335,0,0,0,.,0,0,0,0,0,0
NV-500,2275,2173,2173,0.9552,1563,687,25,109,350,1909,16,387,209,1461,1461,0.9347,335,233,95,320,1233,10,70,117,687,687,1,14,30,651,6,317,92,25,25,1,0,0,25,0,0,0,1006,923,923,0.9175,207,710,296,0,172,116,2284,2284,915,0.4006,193,579,1705,0,1485,1,1140,33,33,33,1,0,0,33,0,27,6
NV-501,705,580,475,0.6738,382,323,0,68,211,479,15,106,66,325,307,0.8037,50,150,42,146,221,15,0,15,255,168,0.5201,26,65,258,0,106,51,0,0,.,0,0,0,0,0,0,70,49,49,0.7,7,24,46,0,39,8,508,508,508,1,28,97,411,0,261,4,78,0,0,0,.,0,0,0,0,0,0
NV-502,173,105,98,0.5665,138,35,0,29,99,74,0,0,0,70,63,0.4565,0,0,24,84,54,0,0,0,35,35,1,5,15,20,0,0,0,0,0,.,0,0,0,0,0,0,39,39,39,1,4,14,25,0,17,2,155,155,123,0.7935,16,52,103,0,100,0,24,17,17,17,1,3,10,7,0,0,0
NY-500,748,699,638,0.8529,575,161,12,103,290,454,4,56,50,526,473,0.8226,59,10,88,260,315,0,0,27,161,153,0.9503,15,30,127,4,56,23,12,12,1,0,0,12,0,0,0,438,425,438,1,79,272,166,0,2,57,1298,1298,1298,1,184,503,795,0,214,0,395,9,9,9,1,1,2,7,0,0,0
NY-501,136,67,44,0.3235,76,60,0,26,79,57,0,1,0,33,21,0.2763,0,156,12,33,43,0,0,0,34,23,0.3833,14,46,14,0,1,0,0,0,.,0,0,0,0,0,0,272,229,217,0.7978,51,172,100,0,12,0,219,193,101,0.4612,23,65,154,0,0,0,31,0,0,0,.,0,0,0,0,0,0
NY-503,469,439,237,0.5053,298,167,4,44,105,359,5,37,17,268,153,0.5134,46,304,31,87,211,0,0,0,167,80,0.479,13,18,144,5,33,17,4,4,1,0,0,4,0,4,0,272,209,209,0.7684,59,160,112,0,57,6,865,865,865,1,118,344,521,0,137,1,224,0,0,0,.,0,0,0,0,0,0
NY-505,775,694,676,0.8723,595,180,0,74,216,538,21,33,48,528,510,0.8571,8,10,51,154,420,21,7,31,166,166,0.9222,23,62,118,0,26,17,0,0,.,0,0,0,0,0,0,700,700,693,0.99,150,451,243,6,8,82,1234,1234,1069,0.8663,119,312,922,0,198,6,279,168,162,162,0.9643,28,82,86,0,0,0
NY-507,220,201,183,0.8318,170,50,0,20,52,166,2,3,14,151,133,0.7824,24,190,11,26,142,2,3,14,50,50,1,9,26,24,0,0,0,0,0,.,0,0,0,0,0,0,176,176,175,0.9943,35,116,60,0,1,0,523,523,501,0.9579,69,225,298,0,22,0,75,0,0,0,.,0,0,0,0,0,0
NY-508,909,775,718,0.7899,656,253,0,158,403,474,32,52,43,588,537,0.8186,115,0,115,296,335,25,18,25,187,181,0.7154,43,107,139,7,34,18,0,0,.,0,0,0,0,0,0,465,465,465,1,107,353,112,0,4,11,1225,1225,1225,1,32,77,1148,0,343,0,371,40,40,40,1,0,0,40,0,15,0
NY-510,52,43,43,0.8269,29,23,0,2,4,48,0,1,15,20,20,0.6897,16,40,2,4,25,0,1,1,23,23,1,0,0,23,0,0,14,0,0,.,0,0,0,0,0,0,42,42,42,1,13,32,10,0,2,1,113,113,113,1,19,47,66,0,9,29,19,28,28,0,0,0,0,28,0,3,0
NY-511,330,304,284,0.8606,256,74,0,32,90,240,0,4,15,230,210,0.8203,0,7,28,82,174,0,0,4,74,74,1,4,8,66,0,4,11,0,0,.,0,0,0,0,0,0,110,110,110,1,23,68,42,0,0,0,361,361,351,0.9723,62,128,233,0,18,0,67,0,0,0,.,0,0,0,0,0,0
NY-512,162,100,98,0.6049,117,45,0,37,92,70,0,0,0,75,75,0.641,15,58,21,55,62,0,0,0,25,23,0.5111,16,37,8,0,0,0,0,0,.,0,0,0,0,0,0,152,123,112,0.7368,31,129,23,0,1,0,643,493,493,0.7667,107,362,281,0,18,0,262,0,0,0,.,0,0,0,0,0,0
NY-513,297,292,292,0.9832,183,114,0,24,67,230,0,17,3,178,178,0.9727,0,0,19,54,129,0,0,2,114,114,1,5,13,101,0,17,1,0,0,.,0,0,0,0,0,0,0,0,0,.,0,0,0,0,0,0,101,101,101,1,17,56,45,0,23,0,0,0,0,0,.,0,0,0,0,0,0
NY-514,125,113,113,0.904,85,40,0,18,49,52,24,3,24,73,73,0.8588,0,0,9,24,49,12,3,12,40,40,1,9,25,3,12,0,12,0,0,.,0,0,0,0,0,0,41,41,41,1,6,16,25,0,2,0,91,91,91,1,24,53,38,0,0,0,0,0,0,0,.,0,0,0,0,0,0
NY-518,221,169,116,0.5249,159,62,0,43,105,116,0,10,7,131,84,0.5283,0,0,21,57,102,0,0,0,38,32,0.5161,22,48,14,0,10,7,0,0,.,0,0,0,0,0,0,118,75,75,0.6356,27,97,21,0,4,0,511,511,511,1,59,156,355,0,62,0,41,11,11,11,1,0,0,11,0,11,0
NY-519,36,0,0,0.0,24,12,0,8,27,9,0,0,0,0,0,0.0,0,145,5,16,8,0,0,0,0,0,0,3,11,1,0,0,0,0,0,.,0,0,0,0,0,0,19,19,0,0,2,7,12,0,0,0,50,44,42,0.84,10,28,22,0,5,0,26,0,0,0,.,0,0,0,0,0,0
NY-520,14,14,14,1.0,4,10,0,3,8,6,0,0,0,4,4,1.0,0,29,1,2,2,0,0,0,10,10,1,2,6,4,0,0,0,0,0,.,0,0,0,0,0,0,5,5,0,0,0,0,5,0,5,0,33,33,33,1,5,16,17,0,18,0,2,0,0,0,.,0,0,0,0,0,0
NY-522,34,17,17,0.5,17,17,0,5,18,16,0,1,0,0,0,0.0,0,20,3,13,4,0,0,0,17,17,1,2,5,12,0,1,0,0,0,.,0,0,0,0,0,0,59,59,59,1,9,29,30,0,0,0,446,446,391,0.8767,91,264,182,0,55,0,28,0,0,0,.,0,0,0,0,0,0
NY-523,108,90,80,0.7407,85,23,0,11,28,70,10,18,26,67,57,0.6706,79,131,6,18,57,10,5,16,23,23,1,5,10,13,0,13,10,0,0,.,0,0,0,0,0,0,72,32,32,0.4444,19,55,17,0,2,28,277,267,249,0.8989,31,102,175,0,107,0,61,0,0,0,.,0,0,0,0,0,0
NY-525,213,147,147,0.6901,138,75,0,22,67,140,6,0,10,72,72,0.5217,11,283,21,65,67,6,0,6,75,75,1,1,2,73,0,0,4,0,0,.,0,0,0,0,0,0,100,100,100,1,15,50,50,0,14,0,190,190,190,1,32,82,108,0,45,0,3,0,0,0,.,0,0,0,0,0,0
NY-600,77527,74034,65338,0.8428,74107,3380,40,14077,44048,33469,10,353,1153,70707,64559,0.8712,0,422,14024,43922,30183,2,158,405,3287,779,0.2305,53,126,3246,8,155,748,40,0,0,0,0,40,0,40,0,659,615,615,0.9332,109,293,366,0,213,141,34119,33586,13418,0.3933,2626,7318,26762,39,5358,924,21994,0,0,0,.,0,0,0,0,0,0
NY-601,608,530,530,0.8717,432,176,0,105,327,269,12,0,14,396,396,0.9167,0,17,81,253,167,12,0,14,134,134,0.7614,24,74,102,0,0,0,0,0,.,0,0,0,0,0,0,28,28,28,1,0,0,28,0,0,0,256,256,226,0.8828,23,66,190,0,52,25,40,0,0,0,.,0,0,0,0,0,0
NY-602,289,272,241,0.8339,235,54,0,51,130,146,13,0,79,218,187,0.7957,49,202,35,86,136,13,0,49,54,54,1,16,44,10,0,0,30,0,0,.,0,0,0,0,0,0,29,29,22,0.7586,5,11,16,2,0,3,313,297,268,0.8562,54,133,180,0,67,69,294,0,0,0,.,0,0,0,0,0,0
NY-603,3766,3694,3567,0.9472,3552,188,26,771,2673,1056,37,105,86,3493,3366,0.9476,0,0,754,2610,915,27,29,71,175,175,0.9309,17,63,115,10,50,15,26,26,1,0,0,26,0,26,0,404,372,372,0.9208,106,350,54,0,29,0,2246,2242,2179,0.9702,379,1217,1029,0,876,5,1343,0,0,0,.,0,0,0,0,0,0
NY-604,1720,1679,1681,0.9773,1047,673,0,412,1214,492,14,23,40,1008,1008,0.9628,46,98,207,599,434,14,11,14,671,673,1,205,615,58,0,12,26,0,0,.,0,0,0,0,0,0,285,285,285,1,83,250,35,0,8,10,1504,1504,1318,0.8763,178,454,1050,0,373,64,0,2820,2820,2775,0.984,643,2388,432,0,0,0
NY-606,94,81,81,0.8617,44,50,0,13,39,55,0,0,0,31,31,0.7045,54,4,13,39,5,0,0,0,50,50,1,0,0,50,0,0,0,0,0,.,0,0,0,0,0,0,45,41,41,0.9111,16,39,6,0,0,0,83,83,75,0.9036,12,34,49,0,8,0,16,0,0,0,.,0,0,0,0,0,0
NY-608,102,85,85,0.8333,90,12,0,9,39,45,18,8,26,73,73,0.8111,25,304,9,39,37,14,8,14,12,12,1,0,0,8,4,0,12,0,0,.,0,0,0,0,0,0,17,12,12,0.7059,6,17,0,0,0,0,135,135,135,1,32,84,51,0,0,0,26,20,20,20,1,6,20,0,0,0,0
OH-500,1151,999,992,0.8619,864,267,20,73,313,818,20,156,65,797,797,0.9225,56,127,42,222,622,20,12,56,182,175,0.6554,31,91,176,0,124,9,20,20,1,0,0,20,0,20,0,1284,1217,1011,0.7874,240,905,379,0,75,122,1915,1915,1915,1,259,827,1088,0,338,70,1576,0,0,0,.,0,0,0,0,0,0
OH-501,540,447,242,0.4481,439,101,0,100,275,253,12,2,12,390,219,0.4989,58,26,74,221,206,12,2,12,57,23,0.2277,26,54,47,0,0,0,0,0,.,0,0,0,0,0,0,404,404,404,1,86,366,38,0,30,0,1292,1194,1030,0.7972,191,466,826,0,248,14,419,171,171,0,0,22,42,129,0,0,0
OH-502,1442,1397,1204,0.835,1297,105,40,103,383,1059,0,114,124,1252,1059,0.8165,82,160,102,381,916,0,6,109,105,105,1,1,2,103,0,88,15,40,40,1,0,0,40,0,20,0,893,893,893,1,201,615,278,0,139,20,5340,5340,4779,0.8949,655,2364,2976,0,676,97,1275,0,0,0,.,0,0,0,0,0,0
OH-503,1296,1092,1092,0.8426,1141,155,0,169,589,688,19,75,70,1021,1021,0.8948,55,289,143,507,618,16,39,16,71,71,0.4581,26,82,70,3,36,54,0,0,.,0,0,0,0,0,0,637,611,637,1,133,484,153,0,46,57,2737,2737,2716,0.9923,190,606,2131,0,519,0,2257,0,0,0,.,0,0,0,0,0,0
OH-504,184,160,24,0.1304,173,11,0,34,111,73,0,0,10,149,13,0.0751,0,0,31,102,71,0,0,10,11,11,1,3,9,2,0,0,0,0,0,.,0,0,0,0,0,0,147,147,147,1,34,102,45,0,2,0,496,496,496,1,100,345,151,0,0,0,150,4,4,4,1,2,4,0,0,4,0
OH-505,525,467,467,0.8895,410,115,0,47,133,384,8,52,98,352,352,0.8585,60,0,39,117,285,8,12,36,115,115,1,8,16,99,0,40,62,0,0,.,0,0,0,0,0,0,303,243,243,0.802,68,210,93,0,13,46,1422,1422,1168,0.8214,161,492,930,0,219,0,524,0,0,0,.,0,0,0,0,0,0
OH-506,495,359,359,0.7253,286,187,22,45,136,337,22,48,35,218,218,0.7622,0,15,34,96,174,16,6,16,119,119,0.6364,11,40,141,6,30,19,22,22,1,0,0,22,0,12,0,195,126,126,0.6462,41,136,59,0,11,9,701,701,620,0.8845,79,227,474,0,89,12,374,0,0,0,.,0,0,0,0,0,0
OH-507,3326,2434,1923,0.5782,2476,840,10,582,1748,1573,5,111,43,1754,1324,0.5347,97,40,387,1216,1255,5,35,5,670,589,0.7012,195,532,308,0,76,38,10,10,1,0,0,10,0,0,0,2006,2001,2001,0.9975,410,1224,782,0,211,148,3658,3613,2881,0.7876,604,1666,1992,0,786,41,2693,20,20,20,1,0,0,20,0,20,0
OH-508,294,192,192,0.6531,271,23,0,73,191,103,0,0,0,192,192,0.7085,0,17,66,169,102,0,0,0,0,0,0,7,22,1,0,0,0,0,0,.,0,0,0,0,0,0,200,200,200,1,48,156,44,0,4,0,563,563,494,0.8774,53,149,414,0,62,10,405,14,14,14,1,1,2,12,0,0,0
OK-500,201,145,98,0.4876,127,74,0,28,72,117,12,0,33,71,43,0.3386,58,41,19,41,74,12,0,12,74,55,0.7432,9,31,43,0,0,21,0,0,.,0,0,0,0,0,0,48,20,20,0.4167,16,39,9,0,0,2,18,18,10,0.5556,6,8,10,0,8,0,2,0,0,0,.,0,0,0,0,0,0
OK-501,831,686,674,0.8111,541,265,25,99,268,558,5,36,58,436,424,0.7837,0,72,70,183,353,5,0,5,225,225,0.8491,29,85,180,0,36,53,25,25,1,0,0,25,0,0,0,181,181,181,1,54,124,57,0,53,7,589,589,311,0.528,15,56,533,0,278,8,303,0,0,0,.,0,0,0,0,0,0
OK-502,1172,1036,836,0.7133,992,180,0,81,333,833,6,45,35,856,737,0.7429,0,218,50,247,742,3,10,21,180,99,0.55,31,86,91,3,35,14,0,0,.,0,0,0,0,0,0,136,136,136,1,24,91,45,0,47,0,880,880,604,0.6864,40,144,736,0,288,0,378,0,0,0,.,0,0,0,0,0,0
OK-503,129,87,14,0.1085,115,14,0,7,50,79,0,4,5,73,0,0.0,0,4,6,46,69,0,4,0,14,14,1,1,4,10,0,0,5,0,0,.,0,0,0,0,0,0,0,0,0,.,0,0,0,0,0,0,59,59,59,1,25,39,20,0,5,11,59,0,0,0,.,0,0,0,0,0,0
OK-504,121,102,90,0.7438,59,62,0,16,40,78,3,28,3,40,40,0.678,66,4,6,20,36,3,28,3,62,50,0.8065,10,20,42,0,0,0,0,0,.,0,0,0,0,0,0,22,22,22,1,10,22,0,0,0,0,116,116,98,0.8448,15,38,78,0,18,28,0,0,0,0,.,0,0,0,0,0,0
OK-505,13,13,1,0.0769,12,1,0,0,0,1,12,0,12,12,0,0.0,0,0,0,0,0,12,0,12,1,1,1,0,0,1,0,0,0,0,0,.,0,0,0,0,0,0,0,0,0,.,0,0,0,0,0,0,31,31,0,0,4,12,19,0,31,0,0,0,0,0,.,0,0,0,0,0,0
OK-506,252,158,108,0.4286,214,38,0,16,196,56,0,0,12,120,70,0.3271,0,12,6,162,52,0,0,12,38,38,1,10,34,4,0,0,0,0,0,.,0,0,0,0,0,0,0,0,0,.,0,0,0,0,0,0,11,11,11,1,0,0,11,0,0,0,0,0,0,0,.,0,0,0,0,0,0
OK-507,382,241,44,0.1152,380,2,0,43,124,235,23,19,23,239,44,0.1158,0,54,42,122,235,23,19,23,2,0,0,1,2,0,0,0,0,0,0,.,0,0,0,0,0,0,122,122,113,0.9262,19,61,61,0,64,0,155,155,43,0.2774,24,79,76,0,112,0,6,0,0,0,.,0,0,0,0,0,0
OR-500,636,617,617,0.9701,509,127,0,66,199,418,19,29,31,490,490,0.9627,0,0,45,136,361,12,5,12,127,127,1,21,63,57,7,24,19,0,0,.,0,0,0,0,0,0,194,191,191,0.9845,41,134,60,0,22,18,697,697,697,1,65,196,501,0,325,25,248,0,0,0,.,0,0,0,0,0,0
OR-501,2424,2313,2087,0.861,1678,746,0,134,423,1997,4,222,152,1567,1341,0.7992,0,0,117,379,1299,0,110,68,746,746,1,17,44,698,4,112,84,0,0,.,0,0,0,0,0,0,2291,2026,1757,0.7669,550,1789,494,8,97,189,4947,4873,4207,0.8504,519,1734,3213,0,804,67,2181,0,0,0,.,0,0,0,0,0,0
OR-502,473,442,254,0.537,214,259,0,52,143,315,15,65,15,183,121,0.5654,60,0,23,80,119,15,10,15,259,133,0.5135,29,63,196,0,55,0,0,0,.,0,0,0,0,0,0,86,86,86,1,17,54,32,0,42,0,467,467,154,0.3298,197,286,181,0,313,0,96,0,0,0,.,0,0,0,0,0,0
OR-503,338,314,230,0.6805,242,96,0,25,76,238,24,0,29,218,198,0.8182,118,17,17,54,184,4,0,7,96,32,0.3333,8,22,54,20,0,22,0,0,.,0,0,0,0,0,0,109,109,109,1,16,55,54,0,0,0,201,201,3,0.0149,19,40,161,0,187,3,181,0,0,0,.,0,0,0,0,0,0
OR-504,627,597,345,0.5502,314,313,0,41,136,481,10,36,25,284,175,0.5573,225,0,17,48,256,10,6,11,313,170,0.5431,24,88,225,0,30,14,0,0,.,0,0,0,0,0,0,227,226,144,0.6344,44,167,60,0,31,0,239,239,35,0.1464,29,172,67,0,204,68,2,59,59,59,1,0,0,59,0,0,0
OR-505,1064,917,916,0.8609,548,516,0,256,386,642,36,14,89,449,448,0.8175,296,0,120,242,281,25,0,26,468,468,0.907,136,144,361,11,14,63,0,0,.,0,0,0,0,0,0,957,907,871,0.9101,396,651,306,0,341,26,178,178,178,1,41,105,73,0,0,0,55,93,93,22,0.2366,78,78,15,0,0,0
OR-506,261,229,229,0.8774,125,126,10,47,156,103,2,93,15,101,101,0.808,96,14,31,117,6,2,0,5,118,118,0.9365,16,39,87,0,93,10,10,10,1,0,0,10,0,0,0,231,213,213,0.9221,62,211,20,0,19,0,509,509,509,1,43,166,343,0,257,0,149,0,0,0,.,0,0,0,0,0,0
OR-507,134,80,80,0.597,99,35,0,37,104,30,0,15,22,45,45,0.4545,0,0,25,77,22,0,15,0,35,35,1,12,27,8,0,0,22,0,0,.,0,0,0,0,0,0,164,143,143,0.872,39,131,33,0,37,3,401,394,394,0.9825,58,180,221,0,197,0,180,0,0,0,.,0,0,0,0,0,0
PA-500,5222,4923,4389,0.8405,3878,1090,254,697,2193,3006,23,168,274,3668,3235,0.8342,452,135,452,1474,2381,23,27,85,1001,919,0.8431,245,719,371,0,110,165,254,235,0.9252,0,0,254,0,31,24,1236,1090,1090,0.8819,307,973,263,0,85,128,5131,5131,3942,0.7683,658,2191,2940,0,1290,50,1715,0,0,0,.,0,0,0,0,0,0
PA-501,347,323,229,0.6599,181,141,25,61,166,181,0,16,11,165,87,0.4807,81,2,28,79,102,0,0,0,133,117,0.8298,33,87,54,0,16,11,25,25,1,0,0,25,0,0,0,129,120,117,0.907,58,105,24,0,3,4,214,214,214,1,28,65,149,0,96,0,36,28,28,28,1,3,4,24,0,8,0
PA-502,407,372,352,0.8649,328,79,0,75,213,194,0,0,2,293,273,0.8323,0,0,51,167,161,0,0,2,79,79,1,24,46,33,0,0,0,0,0,.,0,0,0,0,0,0,237,237,237,1,58,187,50,0,26,0,415,415,415,1,55,150,265,0,93,5,78,2,2,2,1,0,0,2,0,0,0
PA-503,219,159,159,0.726,101,118,0,29,103,116,0,14,8,77,77,0.7624,0,40,8,24,77,0,0,0,82,82,0.6949,21,79,39,0,14,8,0,0,.,0,0,0,0,0,0,114,114,114,1,29,74,40,0,6,33,383,383,307,0.8016,82,259,124,0,107,0,57,0,0,0,.,0,0,0,0,0,0
PA-504,213,168,155,0.7277,161,52,0,45,136,77,0,0,0,143,130,0.8075,39,30,30,92,69,0,0,0,25,25,0.4808,15,44,8,0,0,0,0,0,.,0,0,0,0,0,0,261,261,261,1,61,202,59,0,0,18,199,199,199,1,28,85,114,0,0,0,106,0,0,0,.,0,0,0,0,0,0
PA-505,534,466,407,0.7622,229,305,0,52,165,369,0,227,0,214,161,0.7031,19,0,35,112,117,0,10,0,252,246,0.8066,17,53,252,0,217,0,0,0,.,0,0,0,0,0,0,147,147,147,1,35,116,31,0,20,13,246,246,246,1,25,82,164,0,0,8,26,60,56,41,0.6833,0,0,60,0,0,0
PA-506,405,339,339,0.837,207,198,0,41,148,257,0,5,17,157,157,0.7585,126,68,22,92,115,0,0,16,182,182,0.9192,19,56,142,0,5,1,0,0,.,0,0,0,0,0,0,9,9,9,1,2,6,3,0,0,0,420,420,420,1,70,273,147,0,15,0,15,0,0,0,.,0,0,0,0,0,0
PA-508,135,122,122,0.9037,51,73,11,19,54,81,0,30,8,48,48,0.9412,22,6,5,18,33,0,0,0,63,63,0.863,14,36,37,0,23,8,11,11,1,0,0,11,0,7,0,139,106,101,0.7266,35,131,8,0,5,16,232,232,164,0.7069,34,125,107,0,76,0,164,0,0,0,.,0,0,0,0,0,0
PA-509,1965,1551,1083,0.5511,1331,634,0,307,1100,836,29,60,61,987,704,0.5289,284,46,190,731,573,27,8,27,564,379,0.5978,117,369,263,2,52,34,0,0,.,0,0,0,0,0,0,952,832,832,0.8739,206,714,238,0,40,29,1244,1244,799,0.6423,154,496,748,0,439,0,805,144,144,36,0.25,18,56,88,0,4,0
PA-510,393,334,334,0.8499,276,117,0,57,227,166,0,22,0,238,238,0.8623,80,0,44,187,89,0,0,0,96,96,0.8205,13,40,77,0,22,0,0,0,.,0,0,0,0,0,0,180,180,180,1,68,114,66,0,0,0,144,144,144,1,14,47,97,0,4,8,24,0,0,0,.,0,0,0,0,0,0
PA-511,292,276,263,0.9007,115,177,0,72,250,38,4,0,4,99,91,0.7913,77,0,18,92,19,4,0,4,177,172,0.9718,54,158,19,0,0,0,0,0,.,0,0,0,0,0,0,171,171,171,1,33,107,64,0,1,23,125,125,99,0.792,10,31,94,0,26,0,43,0,0,0,.,0,0,0,0,0,0
PA-512,370,287,287,0.7757,267,103,0,55,194,176,0,0,17,229,229,0.8577,0,6,28,114,153,0,0,12,58,58,0.5631,27,80,23,0,0,5,0,0,.,0,0,0,0,0,0,193,141,177,0.9171,60,162,31,0,9,36,244,244,244,1,16,63,181,0,53,0,172,5,5,5,1,0,0,5,0,5,0
PA-600,690,595,595,0.8623,523,159,8,116,327,363,0,80,18,428,428,0.8184,139,5,106,300,223,0,19,18,159,159,1,10,27,132,0,53,0,8,8,1,0,0,8,0,8,0,854,698,650,0.7611,158,528,326,0,51,83,2315,2315,1938,0.8371,413,1344,971,0,485,5,1057,0,0,0,.,0,0,0,0,0,0
PA-601,1054,789,407,0.3861,772,282,0,143,479,575,0,113,0,533,202,0.2617,20,28,95,334,438,0,51,0,256,205,0.727,48,145,137,0,62,0,0,0,.,0,0,0,0,0,0,715,645,645,0.9021,147,458,257,0,76,68,1320,1235,912,0.6909,224,676,644,0,319,0,952,68,68,55,0.8088,0,0,68,0,13,0
PA-603,137,105,105,0.7664,98,39,0,31,110,27,0,2,61,76,76,0.7755,0,0,23,87,11,0,1,53,29,29,0.7436,8,23,16,0,1,8,0,0,.,0,0,0,0,0,0,54,54,54,1,9,35,19,0,8,25,152,152,152,1,35,101,51,0,7,4,102,0,0,0,.,0,0,0,0,0,0
PA-605,406,324,324,0.798,269,127,10,45,162,242,2,13,2,215,215,0.7993,75,0,26,106,163,0,3,0,99,99,0.7795,19,56,69,2,0,2,10,10,1,0,0,10,0,10,0,139,139,139,1,20,66,73,0,4,0,441,441,327,0.7415,80,288,153,0,114,0,166,90,90,90,1,0,0,90,0,0,0
PR-502,472,320,320,0.678,133,327,12,46,138,334,0,6,9,81,81,0.609,0,0,14,41,92,0,0,0,227,227,0.6942,32,97,230,0,6,9,12,12,1,0,0,12,0,0,0,173,144,144,0.8324,26,78,95,0,3,15,1195,1169,1169,0.9782,93,261,934,0,182,9,747,255,255,255,1,0,0,255,0,0,0
PR-503,259,213,213,0.8224,192,57,10,9,47,212,0,26,0,161,161,0.8385,0,0,8,32,160,0,7,0,42,42,0.7368,1,15,42,0,19,0,10,10,1,0,0,10,0,0,0,153,95,95,0.6209,26,78,75,0,7,0,608,520,472,0.7763,54,156,452,0,48,1,403,0,0,0,.,0,0,0,0,0,0
RI-500,993,826,730,0.7351,726,267,0,158,411,582,0,62,0,648,552,0.7603,82,40,89,240,486,0,0,0,178,178,0.6667,69,171,96,0,62,0,0,0,.,0,0,0,0,0,0,394,332,332,0.8426,75,255,139,0,63,11,1237,1213,929,0.751,160,538,699,0,294,5,540,633,631,631,0.9968,70,196,437,0,0,0
SC-500,340,280,235,0.6912,239,96,5,19,67,273,0,101,0,179,134,0.5607,135,0,18,65,174,0,0,0,96,96,1,1,2,94,0,96,0,5,5,1,0,0,5,0,5,0,168,168,168,1,22,63,105,0,67,19,436,436,86,0.1972,16,48,388,0,350,0,86,0,0,0,.,0,0,0,0,0,0
SC-501,1125,934,353,0.3138,904,209,12,114,552,572,1,33,24,754,276,0.3053,241,0,79,450,454,0,4,0,168,65,0.311,35,102,106,1,29,24,12,12,1,0,0,12,0,0,0,34,34,34,1,8,24,10,0,5,0,339,339,303,0.8938,16,37,302,0,145,0,339,0,0,0,.,0,0,0,0,0,0
SC-502,1057,930,757,0.7162,653,404,0,50,302,743,12,114,75,541,472,0.7228,279,0,20,174,471,8,10,24,389,285,0.7054,30,128,272,4,104,51,0,0,.,0,0,0,0,0,0,144,144,144,1,25,92,52,0,71,1,884,818,818,0.9253,105,310,574,0,514,6,184,102,102,102,1,19,57,21,24,0,32
SC-503,545,467,419,0.7688,271,274,0,43,192,345,8,26,8,217,159,0.5867,0,1,29,119,144,8,6,8,250,260,0.9489,14,73,201,0,20,0,0,0,.,0,0,0,0,0,0,126,119,122,0.9683,18,54,72,0,57,12,451,451,411,0.9113,61,225,226,0,308,0,420,349,349,73,0.2092,47,125,224,0,0,0
SD-500,1215,750,181,0.149,1123,92,0,206,595,620,0,35,26,665,171,0.1523,14,19,196,579,544,0,23,4,85,10,0.1087,10,16,76,0,12,22,0,0,.,0,0,0,0,0,0,321,278,119,0.3707,76,259,62,0,58,0,621,621,183,0.2947,73,233,388,0,438,0,552,25,25,25,1,0,0,25,0,25,0
TN-500,240,201,193,0.8042,224,16,0,38,109,131,0,8,0,185,185,0.8259,100,60,36,101,123,0,0,0,16,8,0.5,2,8,8,0,8,0,0,0,.,0,0,0,0,0,0,163,26,26,0.1595,34,126,37,0,26,0,466,466,410,0.8798,126,302,164,0,56,1,43,0,0,0,.,0,0,0,0,0,0
TN-501,1066,1066,1066,1.0,523,543,0,179,408,658,0,138,0,523,523,1.0,0,84,90,103,420,0,0,0,543,543,1,89,305,238,0,138,0,0,0,.,0,0,0,0,0,0,465,465,465,1,203,352,101,12,91,17,1316,1316,1316,1,192,922,394,0,79,0,800,194,194,194,1,52,183,11,0,0,0
TN-502,695,646,583,0.8388,443,252,0,25,72,623,0,40,36,411,371,0.8375,0,0,20,60,383,0,0,4,235,212,0.8413,5,12,240,0,40,32,0,0,.,0,0,0,0,0,0,343,343,343,1,85,309,34,0,22,0,388,388,322,0.8299,13,36,352,0,150,0,102,18,18,0,0,0,0,18,0,0,18
TN-503,459,340,298,0.6492,215,244,0,39,180,279,0,48,0,109,82,0.3814,24,7,31,152,63,0,0,0,231,216,0.8852,8,28,216,0,48,0,0,0,.,0,0,0,0,0,0,17,17,17,1,4,11,6,0,0,0,55,55,55,1,0,0,55,0,3,0,15,0,0,0,.,0,0,0,0,0,0
TN-504,1499,1385,252,0.1681,1168,326,5,54,258,1229,12,108,32,1077,79,0.0676,228,0,35,197,959,12,9,12,303,168,0.5153,19,61,265,0,94,20,5,5,1,0,0,5,0,5,0,243,238,238,0.9794,53,220,23,0,11,6,1033,1033,1033,1,104,244,789,0,532,0,53,119,119,119,1,0,0,119,0,0,0
TN-506,299,218,134,0.4482,256,43,0,18,92,207,0,0,0,196,134,0.5234,30,4,13,76,180,0,0,0,22,0,0,5,16,27,0,0,0,0,0,.,0,0,0,0,0,0,21,21,21,1,9,9,12,0,6,0,168,168,104,0.619,35,91,77,0,64,0,0,0,0,0,.,0,0,0,0,0,0
TN-507,38,21,17,0.4474,21,17,0,9,23,15,0,2,0,4,0,0.0,25,0,4,10,11,0,2,0,17,17,1,5,13,4,0,0,0,0,0,.,0,0,0,0,0,0,150,116,115,0.7667,32,115,35,0,19,4,273,273,248,0.9084,53,153,120,0,31,1,34,0,0,0,.,0,0,0,0,0,0
TN-509,433,361,188,0.4342,334,99,0,34,192,238,3,18,3,262,154,0.4611,36,2,25,154,177,3,0,3,99,34,0.3434,9,38,61,0,18,0,0,0,.,0,0,0,0,0,0,113,106,91,0.8053,18,60,53,0,38,0,470,470,283,0.6021,29,77,393,0,187,0,224,0,0,0,.,0,0,0,0,0,0
TN-510,139,116,76,0.5468,77,62,0,9,37,102,0,0,0,68,56,0.7273,60,0,6,30,47,0,0,0,48,20,0.3226,3,7,55,0,0,0,0,0,.,0,0,0,0,0,0,5,5,5,1,1,4,1,0,0,0,243,243,113,0.465,31,99,144,0,130,3,4,0,0,0,.,0,0,0,0,0,0
TN-512,192,114,30,0.1563,162,30,0,40,113,79,0,0,0,98,30,0.1852,16,7,34,100,62,0,0,0,16,0,0,6,13,17,0,0,0,0,0,.,0,0,0,0,0,0,144,144,144,1,18,63,81,0,12,0,31,31,31,1,6,15,16,0,15,0,27,0,0,0,.,0,0,0,0,0,0
TX-500,1814,1625,1607,0.8859,1465,349,0,215,761,1037,16,114,32,1320,1320,0.901,0,38,144,547,902,16,36,16,305,287,0.8223,71,214,135,0,78,16,0,0,.,0,0,0,0,0,0,753,700,696,0.9243,56,135,618,0,311,20,2001,2001,2001,1,328,1020,981,0,1150,0,686,1182,1182,1182,1,295,999,183,0,0,0
TX-503,1029,792,792,0.7697,757,211,61,135,425,604,0,93,61,651,651,0.86,0,0,78,276,481,0,0,13,80,80,0.3791,57,149,62,0,32,48,61,61,1,0,0,61,0,61,0,905,726,715,0.7901,168,569,336,0,106,164,1161,1145,1095,0.9432,58,212,949,0,649,0,1098,190,190,190,1,40,120,70,0,0,20
TX-600,3131,2549,1482,0.4733,1958,1127,46,315,1177,1903,51,185,132,1658,1216,0.621,40,35,153,577,1334,47,78,47,845,220,0.1952,162,600,523,4,86,85,46,46,1,0,0,46,0,21,0,519,381,370,0.7129,119,388,131,0,45,50,2165,2165,2165,1,211,514,1651,0,892,35,1122,730,730,730,1,230,672,58,0,0,0
TX-601,1778,1533,1072,0.6029,1543,215,20,204,756,1002,20,92,46,1369,914,0.5924,26,108,167,629,894,20,32,20,144,138,0.6419,37,127,88,0,60,26,20,20,1,0,0,20,0,0,0,816,581,563,0.69,190,656,160,0,53,7,1847,1825,1815,0.9827,163,500,1347,0,646,0,1703,161,161,15,0.0932,29,59,102,0,0,0
TX-603,1158,978,638,0.5509,917,241,0,113,507,638,13,36,34,752,508,0.554,0,41,67,360,544,13,16,28,226,130,0.5394,46,147,94,0,20,6,0,0,.,0,0,0,0,0,0,189,174,174,0.9206,34,93,96,0,52,21,163,163,163,1,27,65,98,0,15,9,101,86,86,22,0.2558,0,0,86,0,0,0
TX-604,250,167,99,0.396,142,108,0,44,148,96,6,5,14,94,94,0.662,0,2,16,48,88,6,0,6,73,5,0.0463,28,100,8,0,5,8,0,0,.,0,0,0,0,0,0,130,107,107,0.8231,26,78,52,0,34,0,138,134,134,0.971,11,34,104,0,74,0,81,0,0,0,.,0,0,0,0,0,0
TX-607,5175,3278,1964,0.3795,4328,847,0,713,2389,2737,49,31,115,2647,1677,0.3875,0,46,543,1784,2495,49,15,104,631,287,0.3388,170,605,242,0,16,11,0,0,.,0,0,0,0,0,0,1137,781,623,0.5479,267,767,370,0,330,3,1006,1006,258,0.2565,132,195,811,0,680,0,327,0,0,0,.,0,0,0,0,0,0
TX-611,542,518,518,0.9557,351,191,0,25,211,318,13,289,166,327,327,0.9316,0,15,21,111,227,13,229,79,191,191,1,4,100,91,0,60,87,0,0,.,0,0,0,0,0,0,9,9,9,1,9,9,0,0,9,0,209,209,209,1,60,89,120,0,118,8,166,0,0,0,.,0,0,0,0,0,0
TX-624,387,313,273,0.7054,367,20,0,12,118,235,34,0,34,293,267,0.7275,0,0,12,118,215,34,0,34,20,6,0.3,0,0,20,0,0,0,0,0,.,0,0,0,0,0,0,0,0,0,.,0,0,0,0,0,0,29,29,29,1,0,0,29,0,0,0,0,0,0,0,.,0,0,0,0,0,0
TX-700,2717,2393,2393,0.8808,1884,801,32,287,1029,1684,4,127,102,1560,1560,0.828,0,100,244,881,999,4,32,74,801,801,1,43,148,653,0,63,28,32,32,1,0,0,32,0,32,0,1122,867,867,0.7727,258,769,353,0,78,0,6078,5845,5845,0.9617,705,2218,3860,0,1409,40,3131,25,25,25,1,0,0,25,0,25,0
TX-701,160,128,104,0.65,160,0,0,18,54,106,0,0,0,128,104,0.65,12,0,18,54,106,0,0,0,0,0,.,0,0,0,0,0,0,0,0,.,0,0,0,0,0,0,65,65,65,1,14,54,11,0,0,0,0,0,0,.,0,0,0,0,0,0,0,0,0,0,.,0,0,0,0,0,0
UT-500,1712,1358,1245,0.7272,1349,363,0,107,709,998,5,80,71,1163,1059,0.785,58,160,47,483,862,4,0,34,195,186,0.5124,60,226,136,1,80,37,0,0,.,0,0,0,0,0,0,509,509,482,0.947,73,282,227,0,50,19,2549,2549,2523,0.9898,333,1155,1394,0,622,20,1501,145,145,67,0.4621,12,53,92,0,5,0
UT-503,1028,618,517,0.5029,882,146,0,124,480,516,32,25,32,593,492,0.5578,0,30,92,366,484,32,0,32,25,25,0.1712,32,114,32,0,25,0,0,0,.,0,0,0,0,0,0,458,387,398,0.869,95,332,126,0,37,11,415,394,289,0.6964,59,135,280,0,119,0,111,0,0,0,.,0,0,0,0,0,0
UT-504,125,54,54,0.432,84,41,0,17,50,63,12,0,12,33,33,0.3929,0,0,9,30,42,12,0,12,21,21,0.5122,8,20,21,0,0,0,0,0,.,0,0,0,0,0,0,32,24,24,0.75,10,26,6,0,0,0,155,131,122,0.7871,16,48,107,0,3,0,75,29,29,29,1,1,3,26,0,0,0
VA-500,405,337,317,0.7827,310,60,35,42,138,267,0,70,0,256,244,0.7871,0,60,38,124,186,0,2,0,46,38,0.6333,4,14,46,0,36,0,35,35,1,0,0,35,0,32,0,287,241,241,0.8397,66,213,74,0,26,2,937,937,357,0.381,163,384,553,0,412,0,253,152,152,152,1,9,26,126,0,22,0
VA-501,562,437,437,0.7776,450,112,0,59,209,353,0,6,0,359,359,0.7978,206,19,44,155,295,0,6,0,78,78,0.6964,15,54,58,0,0,0,0,0,.,0,0,0,0,0,0,360,346,346,0.9611,96,286,74,0,44,3,612,612,382,0.6242,61,208,404,0,230,0,314,159,159,159,1,0,0,159,0,0,0
VA-502,438,362,362,0.8265,438,0,0,26,161,277,0,15,0,362,362,0.8265,0,2,26,161,277,0,15,0,0,0,.,0,0,0,0,0,0,0,0,.,0,0,0,0,0,0,42,42,42,1,5,22,20,0,22,0,198,198,198,1,17,70,128,0,137,2,60,0,0,0,.,0,0,0,0,0,0
VA-503,183,128,88,0.4809,127,56,0,24,85,77,21,16,21,72,72,0.5669,60,0,14,45,61,21,0,21,56,16,0.2857,10,40,16,0,16,0,0,0,.,0,0,0,0,0,0,302,73,45,0.149,74,259,43,0,22,0,348,348,348,1,39,145,203,0,205,5,59,191,191,191,1,12,48,143,0,0,0
VA-504,107,80,80,0.7477,92,15,0,18,43,64,0,0,0,67,67,0.7283,72,0,13,28,64,0,0,0,13,13,0.8667,5,15,0,0,0,0,0,0,.,0,0,0,0,0,0,30,30,30,1,2,4,26,0,5,0,128,128,103,0.8047,2,6,122,0,25,0,100,25,25,0,0,0,0,25,0,0,0
VA-505,264,169,129,0.4886,194,70,0,53,174,90,0,12,0,135,95,0.4897,250,0,35,115,79,0,12,0,34,34,0.4857,18,59,11,0,0,0,0,0,.,0,0,0,0,0,0,150,117,117,0.78,27,95,55,0,17,0,714,714,261,0.3655,39,115,599,0,453,0,83,88,88,88,1,0,0,88,0,0,0
VA-507,77,47,22,0.2857,55,22,0,21,56,21,0,2,0,25,0,0.0,40,0,18,47,8,0,0,0,22,22,1,3,9,13,0,2,0,0,0,.,0,0,0,0,0,0,59,59,8,0.1356,15,56,3,0,8,0,188,188,162,0.8617,12,36,152,0,28,0,146,0,0,0,.,0,0,0,0,0,0
VA-508,144,98,98,0.6806,144,0,0,21,77,67,0,0,0,98,98,0.6806,0,0,21,77,67,0,0,0,0,0,.,0,0,0,0,0,0,0,0,.,0,0,0,0,0,0,75,75,75,1,18,60,15,0,3,0,67,67,64,0.9552,7,24,43,0,3,0,11,0,0,0,.,0,0,0,0,0,0
VA-513,297,211,151,0.5084,297,0,0,40,140,157,0,0,0,211,151,0.5084,92,21,40,140,157,0,0,0,0,0,.,0,0,0,0,0,0,0,0,.,0,0,0,0,0,0,74,30,30,0.4054,15,50,24,0,1,0,73,73,73,1,5,17,56,0,15,0,32,0,0,0,.,0,0,0,0,0,0
VA-514,167,133,133,0.7964,167,0,0,32,102,65,0,0,0,133,133,0.7964,37,13,32,102,65,0,0,0,0,0,.,0,0,0,0,0,0,0,0,.,0,0,0,0,0,0,120,52,52,0.4333,25,83,37,0,3,0,137,137,56,0.4088,25,59,78,0,81,0,56,0,0,0,.,0,0,0,0,0,0
VA-521,838,545,239,0.2852,675,163,0,150,537,301,0,0,0,402,239,0.3541,162,13,103,400,275,0,0,0,143,0,0,47,137,26,0,0,0,0,0,.,0,0,0,0,0,0,345,330,330,0.9565,88,275,70,0,16,13,236,236,110,0.4661,94,110,126,0,46,0,66,18,18,18,1,0,0,18,0,0,0
VA-600,190,180,180,0.9474,175,15,0,27,81,109,0,0,0,165,165,0.9429,25,4,23,73,102,0,0,0,15,15,1,4,8,7,0,0,0,0,0,.,0,0,0,0,0,0,166,166,166,1,34,112,54,0,0,0,278,278,278,1,19,57,221,0,0,0,153,14,14,14,1,4,13,1,0,0,0
VA-601,754,561,561,0.744,507,247,0,161,555,191,8,0,65,409,409,0.8067,273,49,92,335,164,8,0,8,152,152,0.6154,69,220,27,0,0,57,0,0,.,0,0,0,0,0,0,366,366,365,0.9973,84,296,70,0,12,24,627,627,570,0.9091,41,153,474,0,57,0,327,482,482,482,1,115,431,51,0,0,0
VA-602,94,82,56,0.5957,56,38,0,33,61,33,0,1,0,44,44,0.7857,26,11,14,23,33,0,1,0,38,12,0.3158,19,38,0,0,0,0,0,0,.,0,0,0,0,0,0,35,35,35,1,7,13,22,0,0,0,24,24,24,1,4,11,13,0,0,0,24,0,0,0,.,0,0,0,0,0,0
VA-603,203,182,118,0.5813,145,46,12,30,100,103,0,0,0,124,60,0.4138,50,0,20,68,77,0,0,0,46,46,1,10,32,14,0,0,0,12,12,1,0,0,12,0,0,0,120,120,120,1,25,25,95,0,0,0,47,47,47,1,3,8,39,0,0,0,22,3,3,3,1,0,0,3,0,3,0
VA-604,250,229,226,0.904,209,41,0,43,167,83,0,0,0,188,188,0.8995,40,0,32,132,77,0,0,0,41,38,0.9268,11,35,6,0,0,0,0,0,.,0,0,0,0,0,0,133,133,81,0.609,29,94,39,0,36,0,46,46,35,0.7609,4,10,36,0,11,0,46,9,9,9,1,0,0,9,0,0,0
VI-500,92,65,57,0.6196,34,58,0,17,19,73,0,0,0,22,22,0.6471,0,0,2,4,30,0,0,0,43,35,0.6034,15,15,43,0,0,0,0,0,.,0,0,0,0,0,0,24,24,24,1,0,0,24,0,22,0,45,45,45,1,0,0,45,0,2,0,0,0,0,0,.,0,0,0,0,0,0
VT-500,631,493,418,0.6624,470,161,0,65,229,384,18,59,65,363,327,0.6957,157,285,55,199,256,15,4,20,130,91,0.5652,10,30,128,3,55,45,0,0,.,0,0,0,0,0,0,479,475,364,0.7599,128,377,102,0,44,0,432,432,239,0.5532,31,96,336,0,193,0,407,0,0,0,.,0,0,0,0,0,0
VT-501,192,156,146,0.7604,151,41,0,22,70,122,0,2,16,135,135,0.894,47,68,17,59,92,0,0,8,21,11,0.2683,5,11,30,0,2,8,0,0,.,0,0,0,0,0,0,97,67,53,0.5464,21,66,31,0,6,0,118,118,74,0.6271,4,11,107,0,44,0,95,104,104,26,0.25,2,8,96,0,0,0
WA-500,7072,6456,5270,0.7452,4857,2131,84,866,3218,3780,74,221,518,4617,3851,0.7929,171,32,436,1696,3119,42,75,198,1755,1335,0.6265,430,1522,577,32,107,320,84,84,1,0,0,84,0,39,0,964,858,811,0.8413,172,605,359,0,200,98,6249,6249,5131,0.8211,425,1280,4969,0,1540,61,2683,1731,1709,1608,0.9289,335,1328,403,0,21,139
WA-501,4887,4142,2607,0.5335,3179,1708,0,753,2606,2221,60,192,217,2566,1586,0.4989,556,44,415,1509,1610,60,15,107,1576,1021,0.5978,338,1097,611,0,177,110,0,0,.,0,0,0,0,0,0,2530,2401,2125,0.8399,571,1492,1021,17,67,118,1613,1575,1398,0.8667,206,488,1125,0,354,17,625,1090,961,649,0.5954,273,796,294,0,151,10
WA-502,1016,990,607,0.5974,731,285,0,87,372,602,42,36,83,705,370,0.5062,180,111,33,187,511,33,10,33,285,237,0.8316,54,185,91,9,26,50,0,0,.,0,0,0,0,0,0,695,666,597,0.859,84,285,410,0,203,13,839,839,835,0.9952,68,205,634,0,439,0,408,695,695,643,0.9252,159,590,105,0,0,0
WA-503,1024,950,904,0.8828,834,190,0,153,437,575,12,50,52,760,719,0.8621,0,93,94,304,518,12,10,52,190,185,0.9737,59,133,57,0,40,0,0,0,.,0,0,0,0,0,0,778,609,609,0.7828,155,530,248,0,103,3,1020,1020,559,0.548,53,173,847,0,471,14,559,421,421,421,1,111,349,72,0,0,0
WA-504,501,466,457,0.9122,452,49,0,64,220,242,39,2,43,417,417,0.9226,70,1,64,220,216,16,2,16,49,40,0.8163,0,0,26,23,0,27,0,0,.,0,0,0,0,0,0,446,410,408,0.9148,60,198,248,0,5,10,1939,1939,1791,0.9237,356,1198,741,0,519,0,1214,647,591,530,0.8192,160,547,100,0,0,78
WA-508,317,290,268,0.8454,160,157,0,60,190,120,7,0,38,133,119,0.7438,132,4,25,90,63,7,0,10,157,149,0.949,35,100,57,0,0,28,0,0,.,0,0,0,0,0,0,248,248,220,0.8871,48,141,107,0,0,34,544,544,435,0.7996,14,44,500,0,267,14,279,85,85,0,0,37,85,0,0,0,0
WI-500,2685,1787,1481,0.5516,1973,705,7,534,1684,992,9,97,60,1278,1152,0.5839,302,271,384,1186,780,7,0,43,502,322,0.4567,150,498,205,2,97,17,7,7,1,0,0,7,0,0,0,729,625,681,0.9342,164,541,188,0,37,38,856,856,741,0.8657,104,312,544,0,412,0,387,112,112,44,0.3929,16,63,49,0,0,0
WI-501,908,830,830,0.9141,712,149,47,98,305,575,28,81,38,634,634,0.8904,227,18,83,260,424,28,0,28,149,149,1,15,45,104,0,81,10,47,47,1,0,0,47,0,0,0,378,378,378,1,77,292,86,0,29,57,1739,1739,1739,1,97,301,1438,0,655,18,548,86,86,86,1,0,0,86,0,86,0
WI-502,237,174,174,0.7342,176,61,0,24,99,130,8,30,8,144,144,0.8182,0,20,16,71,97,8,0,8,30,30,0.4918,8,28,33,0,30,0,0,0,.,0,0,0,0,0,0,92,92,92,1,19,72,20,0,0,14,146,137,137,0.9384,12,36,110,0,85,0,56,0,0,0,.,0,0,0,0,0,0
WI-503,511,430,430,0.8415,354,157,0,83,292,211,8,24,8,298,298,0.8418,35,24,52,170,176,8,0,8,132,132,0.8408,31,122,35,0,24,0,0,0,.,0,0,0,0,0,0,357,357,352,0.986,79,320,37,0,5,0,965,965,733,0.7596,134,463,502,0,257,0,177,542,542,542,1,55,212,330,0,6,0
WV-500,107,70,67,0.6262,53,54,0,12,38,64,5,3,31,28,28,0.5283,16,36,5,20,28,5,0,5,42,39,0.7222,7,18,36,0,3,26,0,0,.,0,0,0,0,0,0,16,16,16,1,2,5,11,0,10,0,18,18,18,1,0,0,18,0,0,0,16,0,0,0,.,0,0,0,0,0,0
WV-501,202,180,167,0.8267,194,0,8,22,71,131,0,13,0,172,159,0.8196,0,24,22,71,123,0,13,0,0,0,.,0,0,0,0,0,0,8,8,1,0,0,8,0,0,0,278,220,220,0.7914,27,88,190,0,0,0,371,371,354,0.9542,59,133,238,0,110,0,20,106,98,98,0.9245,4,8,98,0,0,0
WV-503,278,234,158,0.5683,240,38,0,25,85,184,9,12,11,217,141,0.5875,0,82,15,64,170,6,0,6,17,17,0.4474,10,21,14,3,12,5,0,0,.,0,0,0,0,0,0,42,42,42,1,7,21,21,0,1,0,161,161,161,1,8,16,145,0,62,3,91,0,0,0,.,0,0,0,0,0,0
WV-508,893,625,531,0.5946,797,96,0,129,408,485,0,42,15,529,438,0.5496,49,60,115,380,417,0,26,0,96,93,0.9688,14,28,68,0,16,15,0,0,.,0,0,0,0,0,0,331,331,323,0.9758,49,170,161,0,91,0,649,649,262,0.4037,79,236,413,0,370,0,317,24,24,24,1,5,18,6,0,8,0
WY-500,804,599,585,0.7276,533,271,0,125,325,418,61,20,115,328,322,0.6041,0,0,99,225,301,7,0,7,271,263,0.9705,26,100,117,54,20,108,0,0,.,0,0,0,0,0,0,34,34,34,1,3,10,24,0,32,0,210,210,58,0.2762,25,78,132,0,152,0,58,0,0,0,.,0,0,0,0,0,0
Total,396149,346851,286968,0.7244,301589,92258,2302,58858,189422,203688,3039,17958,15804,264311,224659,0.7449,20958,14919,44503,146083,153095,2411,4209,6276,80283,60133,0.6518,14350,43324,48311,623,12538,9499,2257,2176,0.9453,5,15,2282,5,1211,29,122815,114321,109582,0.8923,29049,88049,34703,63,13152,5510,373030,370163,283173,0.7591,44554,128076,244812,142,105841,5179,179569,49877,49264,37521,0.7523,9388,28547,21273,57,1607,751
